#SampleID	BarcodeSequence	LinkerPrimerSequence	Location_of_DNA_Extraction	ASD	ASD_Sibling	Irritabilty	Lethargy	Stereotypy	Hyperactivity	Inapp_Speech	Gender	Age_In_Years	GI_Symptoms	Abdominal_Pain	Bloating	Loose_Stool	Constipation	Sample_Symptoms	CollectionDate	Location	Where_Moved_From	Time_From_First_Sample_Months	Special_Diets	Diet_Questionnaire_Date	WEIGHT	HEIGHTFEET	HEIGHTINCHES	BLACKAFRICAN	WHITE	HISPANIC	ASIAN	NATIVEINDIAN	OTHERETHNICITY	VITAMINREGULARUSE	VITAMINPILLDAYSAMOUNT	CHOCMILKFREQ	CHOCMILKQUAN	REDUCEDFATMILKFREQ	REDUCEDFATMILKQUAN	TYPEOFMILK	SOFTDRINKSFREQ	SOFTDRINKSQUAN	SODAAMOUNT	SLURPEEFREQ	HAWAIIANPUNCHFREQ	HAWAIIANPUNCHQUAN	HICFREQ	HICQUAN	ORANGEJUICEFREQ	ORANGEJUICEQUAN	OTHERJUICEFREQ	OTHERJUICEQUAN	BANANASFREQ	BANANASQUAN	APPLESPEARSFREQ	APPLESPEARSQUAN	ORANGESFREQ	ORANGESQUAN	STRAWBERRYFREQ	STRAWBERRYQUAN	CANNEDFRUITFREQ	CANNEDFRUITQUAN	OTHERFRUITFREQ	OTHERFRUITQUAN	PANCAKEFREQ	PANCAKEQUAN	BARSFREQ	BARSQUAN	EGGSFREQ	EGGSQUAN	BACONFREQ	COOKEDCEREALFREQ	COOKEDCEREALQUAN	COLDCEREALFREQ	COLDCEREALQUAN	COLDCEREALCODE	MILKONCEREALFREQ	GREENSALADFREQ	GREENSALADQUAN	SALADDRESSINGFREQ	BEANSPEASFREQ	BEANSPEASQUAN	PINTOBEANSFREQ	PINTOBEANSQUAN	REFRIEDBEANSFREQ	REFRIEDBEANSQUAN	CORNFREQ	CORNQUAN	TOMATOESFREQ	TOMATOESQUAN	GREENSFREQ	GREENSQUAN	BROCCOLIFREQ	BROCCOLIQUAN	CARROTSFREQ	CARROTSQUAN	SWEETPOTATOESFREQ	SWEETPOTATOESQUAN	FRIESFREQ	FRIESQUAN	WHITEPOTATOESFREQ	WHITEPOTATOESQUAN	OTHERVEGGIESFREQ	OTHERVEGGIESQUAN	RICEFREQ	RICEQUAN	SALSAFREQ	SPAGHETTIFREQ	SPAGHETTIQUAN	CHEESEDISHFREQ	CHEESEDISHQUAN	PIZZAFREQ	PIZZAQUAN	BURGERFREQ	BURGERQUAN	BURGERTYPE	TACOSFREQ	TACOSQUAN	TACOTYPE	HOTPOCKETFREQ	BEEFFREQ	BEEFQUAN	HAMBURGERHELPERFREQ	HAMBURGERHELPERQUAN	PORKFREQ	PORKQUAN	FRIEDCHICKENFREQ	FRIEDCHICKENQUAN	NOTFRIEDCHICKENFREQ	NOTFRIEDCHICKENQUAN	ANYFISHFREQ	ANYFISHQUAN	HOTDOGFREQ	HOTDOGQUAN	HAMFREQ	HAMQUAN	VEGGIESOUPFREQ	VEGGIESOUPQUAN	OTHERSOUPFREQ	OTHERSOUPQUAN	SALTYSNACKSFREQ	SALTYSNACKSQUAN	CRACKERSFREQ	CRACKERSQUAN	NACHOSFREQ	NACHOSQUAN	ICECREAMFREQ	ICECREAMQUAN	COOKIESFREQ	COOKIESQUAN	DOUGHNUTSFREQ	DOUGHNUTSQUAN	CAKEFREQ	CAKEQUAN	PIEFREQ	PIEQUAN	CHOCOLATECANDYFREQ	CHOCOLATECANDYQUAN	CANDYFREQ	CANDYQUAN	BISCUITSFREQ	BISCUITSQUAN	WHOLEWHEATBREADFREQ	WHOLEWHEATBREADQUAN	WHITEBREADFREQ	WHITEBREADQUAN	TORTILLASFREQ	TORTILLASQUAN	MARGARINEFREQ	MARGARINEQUAN	CHEESEFREQ	CHEESEQUAN	MAYOFREQ	PEANUTBUTTERFREQ	PEANUTBUTTERQUAN	JELLYFREQ	NUTSFREQ	NUTSQUAN	Description
stool.ASD.6.4	ACTTCCAACTTC	CCGGACTACHVGGGTWTCTAAT	UCDenver	Yes	NA	7	17	9	25	8	Male	8	Yes	greater_than 3/week	1-2/week	1-2/week	1-2/week	blank	missing	CO	NA	missing	gf/probio/magnesium_citrate_supplements/vitamins	3/31/2015	52	4	1	0	1	0	1	0	0	1	blank	1	2	1	2	7	1	2	blank	1	1	2	1	2	1	2	2	1	5	1	6	3	4	2	1	2	3	2	3	3	4	3	1	2	6	2	2	1	2	1	2	blank	2	5	2	1	5	2	3	1	3	2	1	2	2	2	5	1	2	1	6	2	1	2	3	1	3	2	4	2	3	2	1	1	2	2	1	1	2	2	1	3	1	2	blank	1	1	2	2	1	1	2	4	2	4	1	2	1	1	2	1	2	2	3	1	2	3	1	3	2	1	2	1	2	1	2	1	2	2	1	1	2	1	2	1	2	1	2	1	2	1	2	1	2	2	1	1	2	1	3	2	1	3	1	stool.ASD.6.4
stool.ASD.7.4.ASU	GTGGTGGTTTCC	CCGGACTACHVGGGTWTCTAAT	ASU	Yes	NA	2	6	0	1	2	Male	12	yes	less_than 1/month	less_than 1/month	less_than 1/month	3-4/month	blank	missing	CO	CO	0	vitamin/iron_supplements	8/19/2014	94	5	0	0	1	0	0	0	0	2	4	5	2	1	2	6	4	1	2	1	2	1	1	2	1	2	4	1	2	2	1	2	1	2	1	2	3	2	1	2	1	2	1	2	4	2	1	1	2	1	2	blank	1	2	3	2	1	2	1	2	1	2	1	2	1	2	1	2	1	2	1	2	1	2	3	3	1	2	1	2	1	2	3	1	2	2	2	3	3	3	2	1	1	2	blank	1	1	2	1	2	1	2	1	2	1	2	2	1	1	2	2	3	1	2	1	2	6	2	6	2	1	2	3	2	1	2	1	2	1	2	2	2	1	2	1	2	1	2	1	2	6	3	1	2	1	2	4	2	2	5	2	5	1	2	stool.ASD.7.4.ASU
stool.ASD.12.2.ASU	GTGTTGTCGTGC	CCGGACTACHVGGGTWTCTAAT	ASU	Yes	NA	34	15	5	37	2	Male	9	Yes	less_than 1/month	less_than 1/month	less_than 1/month	3-4/month	None	9/8/2014	CO	NA	13	probio/vitamin/supplements/cf/dye_free	9/15/2014	blank	4	1	0	1	0	1	0	0	2	3	1	2	1	2	6	3	1	1	3	1	2	2	1	4	1	3	1	3	2	3	2	1	2	2	2	4	2	3	2	1	2	1	2	1	2	1	1	2	2	2	C15	blank	3	2	1	1	2	1	2	1	2	3	2	1	2	1	2	4	2	3	1	1	2	2	2	1	2	4	1	1	2	3	2	2	1	2	2	2	3	2	3	2	2	3	1	1	2	1	2	3	2	3	2	2	1	3	2	2	2	3	3	1	2	1	2	2	2	1	2	1	2	1	2	1	2	1	2	1	2	2	2	3	1	2	2	1	2	1	2	5	2	1	2	1	2	1	2	3	4	2	4	1	2	stool.ASD.12.2.ASU
stool.ASD.14.4	CATTATGGCGTG	CCGGACTACHVGGGTWTCTAAT	UCDenver	Yes	NA	missing	missing	missing	missing	missing	Male	missing	missing	missing	missing	missing	missing	missing	missing	CO	missing	missing	missing	missing	missing	missing	missing	missing	missing	missing	missing	missing	missing	missing	missing	missing	missing	missing	missing	missing	missing	missing	missing	missing	missing	missing	missing	missing	missing	missing	missing	missing	missing	missing	missing	missing	missing	missing	missing	missing	missing	missing	missing	missing	missing	missing	missing	missing	missing	missing	missing	missing	missing	missing	missing	missing	missing	missing	missing	missing	missing	missing	missing	missing	missing	missing	missing	missing	missing	missing	missing	missing	missing	missing	missing	missing	missing	missing	missing	missing	missing	missing	missing	missing	missing	missing	missing	missing	missing	missing	missing	missing	missing	missing	missing	missing	missing	missing	missing	missing	missing	missing	missing	missing	missing	missing	missing	missing	missing	missing	missing	missing	missing	missing	missing	missing	missing	missing	missing	missing	missing	missing	missing	missing	missing	missing	missing	missing	missing	missing	missing	missing	missing	missing	missing	missing	missing	missing	missing	missing	missing	missing	missing	missing	missing	missing	missing	missing	missing	missing	missing	missing	missing	missing	missing	missing	missing	missing	stool.ASD.14.4
stool.ASD.14.4.ASU	ATGTCACCGCTG	CCGGACTACHVGGGTWTCTAAT	ASU	Yes	NA	missing	missing	missing	missing	missing	Male	missing	missing	missing	missing	missing	missing	missing	missing	CO	missing	missing	missing	missing	missing	missing	missing	missing	missing	missing	missing	missing	missing	missing	missing	missing	missing	missing	missing	missing	missing	missing	missing	missing	missing	missing	missing	missing	missing	missing	missing	missing	missing	missing	missing	missing	missing	missing	missing	missing	missing	missing	missing	missing	missing	missing	missing	missing	missing	missing	missing	missing	missing	missing	missing	missing	missing	missing	missing	missing	missing	missing	missing	missing	missing	missing	missing	missing	missing	missing	missing	missing	missing	missing	missing	missing	missing	missing	missing	missing	missing	missing	missing	missing	missing	missing	missing	missing	missing	missing	missing	missing	missing	missing	missing	missing	missing	missing	missing	missing	missing	missing	missing	missing	missing	missing	missing	missing	missing	missing	missing	missing	missing	missing	missing	missing	missing	missing	missing	missing	missing	missing	missing	missing	missing	missing	missing	missing	missing	missing	missing	missing	missing	missing	missing	missing	missing	missing	missing	missing	missing	missing	missing	missing	missing	missing	missing	missing	missing	missing	missing	missing	missing	missing	missing	missing	missing	missing	stool.ASD.14.4.ASU
stool.control.15S.4	TTGGGTACACGT	CCGGACTACHVGGGTWTCTAAT	UCDenver	No	Yes	missing	missing	missing	missing	missing	Female	7	No	No	No	No	No	blank	missing	CO	blank	missing	none	10/27/2014	54	4	2	0	1	0	0	1	0	1	blank	2	1	4	2	5	1	2	1	2	1	2	1	2	3	1	3	1	1	2	2	2	1	2	1	2	2	2	2	1	3	3	1	2	1	2	4	1	2	4	2	C50	4	2	2	2	1	2	1	2	1	2	1	2	2	1	1	2	1	2	1	2	1	2	2	2	2	1	1	2	1	2	3	2	2	1	2	3	2	1	2	3	1	2	3	1	1	2	1	2	1	2	3	2	2	1	1	2	2	2	1	2	1	2	4	3	2	1	2	1	3	1	1	2	1	2	1	2	1	2	1	2	3	1	1	2	1	2	1	2	3	1	1	2	3	1	2	1	1	1	2	1	1	2	stool.control.15S.4
stool.control.15S.4.ASU	AGTTACGAGCTA	CCGGACTACHVGGGTWTCTAAT	ASU	No	Yes	missing	missing	missing	missing	missing	Female	7	No	No	No	No	No	blank	missing	CO	blank	missing	none	10/27/2014	54	4	2	0	1	0	0	1	0	1	blank	2	1	4	2	5	1	2	1	2	1	2	1	2	3	1	3	1	1	2	2	2	1	2	1	2	2	2	2	1	3	3	1	2	1	2	4	1	2	4	2	C50	4	2	2	2	1	2	1	2	1	2	1	2	2	1	1	2	1	2	1	2	1	2	2	2	2	1	1	2	1	2	3	2	2	1	2	3	2	1	2	3	1	2	3	1	1	2	1	2	1	2	3	2	2	1	1	2	2	2	1	2	1	2	4	3	2	1	2	1	3	1	1	2	1	2	1	2	1	2	1	2	3	1	1	2	1	2	1	2	3	1	1	2	3	1	2	1	1	1	2	1	1	2	stool.control.15S.4.ASU
stool.ASD.22.4	AGCATGTCCCGT	CCGGACTACHVGGGTWTCTAAT	UCDenver	Yes	NA	22	13	5	26	8	Male	5	Yes	1-2/month	less_than 1/month	less_than 1/month	less_than 1/month	blank	missing	CO	NA	missing	supplements/probiotics/vitamins	1/6/2014	51	blank	blank	0	1	1	0	0	0	2	4	1	2	1	2	7	3	1	1	3	4	1	1	2	1	2	1	2	2	1	5	2	3	2	4	1	6	2	3	1	4	3	1	2	3	2	1	1	2	2	2	C50	1	1	2	2	1	2	1	2	1	2	3	2	1	2	1	2	1	2	4	2	1	2	3	3	2	1	1	2	2	2	1	3	2	1	2	4	3	1	2	blank	1	2	blank	1	1	2	1	2	1	2	4	2	3	1	1	2	1	2	1	2	1	2	1	2	3	1	2	1	1	2	2	2	3	2	1	2	2	2	1	2	2	2	3	2	1	2	1	2	2	2	1	2	1	2	3	2	1	1	2	1	1	2	stool.ASD.22.4
stool.ASD.22.4.ASU	AGCGGAGGTTAG	CCGGACTACHVGGGTWTCTAAT	ASU	Yes	NA	22	13	5	26	8	Male	5	Yes	1-2/month	less_than 1/month	less_than 1/month	less_than 1/month	blank	missing	CO	NA	missing	supplements/probiotics/vitamins	1/6/2014	51	blank	blank	0	1	1	0	0	0	2	4	1	2	1	2	7	3	1	1	3	4	1	1	2	1	2	1	2	2	1	5	2	3	2	4	1	6	2	3	1	4	3	1	2	3	2	1	1	2	2	2	C50	1	1	2	2	1	2	1	2	1	2	3	2	1	2	1	2	1	2	4	2	1	2	3	3	2	1	1	2	2	2	1	3	2	1	2	4	3	1	2	blank	1	2	blank	1	1	2	1	2	1	2	4	2	3	1	1	2	1	2	1	2	1	2	1	2	3	1	2	1	1	2	2	2	3	2	1	2	2	2	1	2	2	2	3	2	1	2	1	2	2	2	1	2	1	2	3	2	1	1	2	1	1	2	stool.ASD.22.4.ASU
stool.ASD.24.1.ASU	CTCACCTAGGAA	CCGGACTACHVGGGTWTCTAAT	ASU	Yes	NA	27	11	5	38	9	Male	5	No	No	No	No	No	blank	10/25/2013	CO	Florida	0	supplements	10/25/2013	blank	3	3	0	0	0	0	0	1	2	3	5	1	1	2	7	1	2	blank	1	1	2	1	2	3	1	5	2	4	2	4	2	4	3	6	2	1	2	4	2	3	2	4	2	1	2	5	1	2	6	2	blank	1	1	2	1	1	2	1	2	1	2	2	2	1	2	1	2	1	2	5	2	1	2	3	2	1	2	1	2	1	2	3	3	2	1	2	2	1	1	2	blank	1	2	blank	1	1	2	1	2	1	2	2	1	3	1	1	2	1	2	1	2	1	2	1	2	5	2	6	2	1	2	2	2	3	2	2	2	1	2	1	2	1	2	blank	2	1	2	5	1	1	2	1	2	5	1	5	1	1	1	2	2	6	2	stool.ASD.24.1.ASU
stool.control.26S.1.ASU	GTACGATATGAC	CCGGACTACHVGGGTWTCTAAT	ASU	No	Yes	missing	missing	missing	missing	missing	Male	6	No	No	No	No	No	None	10/31/2013	CO	NA	0	vitamins	blank	43	3	7	0	1	0	0	0	0	2	3	5	2	1	2	4	2	1	1	2	1	2	1	2	1	2	5	2	1	2	2	1	3	1	3	3	1	2	4	1	3	1	1	2	3	3	2	1	2	4	2	C50	2	1	2	4	1	2	1	2	1	2	1	2	2	1	1	2	1	2	1	2	1	2	4	1	3	1	1	2	1	2	5	1	2	1	2	3	2	1	2	blank	1	2	blank	1	2	1	1	2	1	2	4	2	4	1	1	2	4	2	1	2	1	2	3	2	4	2	3	2	1	2	1	2	1	2	1	2	2	1	1	2	2	1	5	1	1	2	1	2	3	1	1	2	3	1	1	2	1	1	2	1	3	1	stool.control.26S.1.ASU
stool.ASD.27.4	AGATTGACCAAC	CCGGACTACHVGGGTWTCTAAT	UCDenver	Yes	NA	23	10	5	25	9	Male	6	Yes	1-2/month	3-4/month	3-4/month	3-4/month	Constipation	missing	CO	CO	missing	probio/supplements	11/20/2014	50	3	10	0	1	0	0	0	0	2	2	1	2	6	3	2	1	2	blank	1	1	2	1	2	1	2	1	2	2	1	3	2	1	2	1	2	1	2	3	1	5	1	1	2	1	2	4	1	2	4	2	C50	1	4	2	1	1	2	2	1	2	1	2	1	1	2	2	1	4	1	4	1	1	2	1	2	1	2	3	1	4	1	5	1	2	3	1	3	1	1	2	blank	3	1	3	1	1	2	1	2	2	1	1	2	3	1	1	2	1	2	4	1	1	2	1	2	3	1	2	1	1	2	2	2	3	1	2	1	4	1	1	2	6	1	6	1	3	2	2	1	4	1	2	1	1	2	4	1	1	1	2	1	4	1	stool.ASD.27.4
stool.ASD.27.4.ASU	AAGGCGCTCCTT	CCGGACTACHVGGGTWTCTAAT	ASU	Yes	NA	23	10	5	25	9	Male	6	Yes	1-2/month	3-4/month	3-4/month	3-4/month	Constipation	missing	CO	CO	missing	probio/supplements	11/20/2014	50	3	10	0	1	0	0	0	0	2	2	1	2	6	3	2	1	2	blank	1	1	2	1	2	1	2	1	2	2	1	3	2	1	2	1	2	1	2	3	1	5	1	1	2	1	2	4	1	2	4	2	C50	1	4	2	1	1	2	2	1	2	1	2	1	1	2	2	1	4	1	4	1	1	2	1	2	1	2	3	1	4	1	5	1	2	3	1	3	1	1	2	blank	3	1	3	1	1	2	1	2	2	1	1	2	3	1	1	2	1	2	4	1	1	2	1	2	3	1	2	1	1	2	2	2	3	1	2	1	4	1	1	2	6	1	6	1	3	2	2	1	4	1	2	1	1	2	4	1	1	1	2	1	4	1	stool.ASD.27.4.ASU
stool.ASD.27.5	ATTCTGCCGAAG	CCGGACTACHVGGGTWTCTAAT	UCDenver	Yes	NA	25	2	5	26	8	Male	6	Yes	1-2/month	3-4/month	3-4/month	1-2/month	None	missing	CO	CO	missing	vitamins/probio	9/13/2015	54	4	0	0	1	0	0	0	0	2	4	1	2	6	2	5	1	2	blank	3	1	2	1	2	1	2	1	2	5	2	4	1	1	2	5	1	1	2	5	1	2	3	3	2	1	2	1	3	2	3	2	C50	1	2	2	1	1	2	4	2	3	1	3	2	6	3	2	1	4	1	3	1	1	2	1	2	1	2	3	1	3	1	3	1	2	5	2	2	3	1	2	blank	2	2	1	1	1	2	1	2	1	2	1	2	2	2	1	2	1	2	6	3	1	2	1	2	5	1	2	1	1	2	5	2	4	1	2	3	1	2	1	2	1	2	6	2	2	2	1	2	3	1	4	1	1	2	1	2	1	1	2	1	5	2	stool.ASD.27.5
stool.control.28S.3	CTGCTATTCCTC	CCGGACTACHVGGGTWTCTAAT	UCDenver	No	Yes	missing	missing	missing	missing	missing	Female	3	Yes	less_than 1/month	1-2/month	less_than 1/month	less_than 1/month	blank	missing	CO	CO	missing	None	11/17/2014	33	3	2	0	1	0	0	0	0	1	blank	1	2	6	2	2	1	2	blank	1	1	2	1	2	2	1	2	1	2	1	5	1	4	1	5	1	1	2	4	1	2	1	1	2	1	2	3	1	2	5	2	C50	2	4	2	4	1	2	1	2	1	2	1	2	2	1	2	1	1	2	3	1	1	2	1	2	1	2	2	1	1	2	2	1	2	4	1	2	1	1	2	blank	1	2	blank	1	1	2	1	2	2	1	1	2	2	1	1	2	1	2	4	1	1	2	1	2	3	1	6	1	1	2	2	2	3	1	3	1	3	1	2	1	4	1	5	1	4	1	4	1	2	1	1	2	4	1	6	3	1	1	2	1	6	1	stool.control.28S.3
stool.control.28S.5	ATCGCACAGTAA	CCGGACTACHVGGGTWTCTAAT	UCDenver	No	Yes	missing	missing	missing	missing	missing	Female	4	Yes	less_than 1/month	1-2/month	less_than 1/month	less_than 1/month	None	missing	CO	CO	missing	vitamins	9/13/2015	35	3	4	0	1	0	0	0	0	2	3	1	2	6	3	2	1	2	blank	1	1	2	1	2	1	2	3	1	1	2	5	1	1	2	6	1	1	2	6	2	1	2	6	2	1	2	2	1	2	3	2	C50	1	1	2	1	1	2	3	1	1	2	1	2	2	1	1	2	1	2	1	2	1	2	2	1	1	2	1	2	1	2	1	1	2	2	1	2	1	1	2	blank	1	2	3	1	1	2	1	2	1	2	1	2	1	2	1	2	1	2	6	3	1	2	1	2	6	1	6	1	1	2	4	2	2	1	2	1	1	2	1	2	1	2	2	1	2	1	1	2	2	1	1	2	2	1	6	3	1	1	2	1	2	1	stool.control.28S.5
stool.control.30C.4	ATGATGAGCCTC	CCGGACTACHVGGGTWTCTAAT	UCDenver	No	No	missing	missing	missing	missing	missing	Female	6	Yes	1-2/month	less_than 1/month	1-2/month	less_than 1/month	blank	missing	CO	NA	missing	low_meat	4/15/2015	50	4	0	0	1	0	0	0	0	1	blank	1	2	1	2	2	1	2	blank	1	1	2	1	2	5	1	1	2	1	2	6	1	4	2	2	1	1	2	6	2	2	2	1	2	1	2	1	2	2	4	2	C50	3	2	2	4	4	2	4	2	1	2	1	2	3	2	4	1	1	2	2	1	1	2	1	2	2	2	5	2	2	2	1	3	2	2	1	3	2	1	2	blank	5	2	1	1	1	2	1	2	1	2	1	2	1	2	1	2	1	2	1	2	1	2	1	2	3	1	4	2	1	2	3	2	1	2	1	2	1	2	1	2	3	1	2	1	1	2	4	1	4	2	4	1	4	1	5	2	1	4	1	1	1	2	stool.control.30C.4
stool.control.30C.5	TCTCTACCACTC	CCGGACTACHVGGGTWTCTAAT	UCDenver	No	No	missing	missing	missing	missing	missing	Female	7	Yes	1-2/month	1-2/month	1-2/month	less_than 1/month	blank	missing	CO	NA	missing	None	9/28/2015	53	4	2	0	1	0	0	0	0	1	blank	1	2	1	2	2	1	2	blank	1	2	1	1	2	4	1	1	2	1	2	5	2	2	1	1	2	1	2	6	1	1	2	1	2	1	2	1	1	2	6	2	C44	3	2	2	4	4	2	4	2	1	2	2	2	4	2	2	1	1	2	2	1	2	1	2	1	1	2	4	1	2	1	2	3	2	2	1	3	2	1	2	blank	3	2	1	1	1	2	1	2	1	2	1	2	2	1	1	2	1	2	1	2	1	2	1	2	5	2	2	1	4	1	2	2	2	1	1	2	1	2	3	1	3	2	3	1	1	2	4	1	4	2	4	1	4	1	5	2	1	4	1	1	1	2	stool.control.30C.5
stool.control.31C.3	CAAATTCGGGAT	CCGGACTACHVGGGTWTCTAAT	UCDenver	No	No	missing	missing	missing	missing	missing	Male	6	No	No	No	No	No	blank	missing	CO	CO	missing	cf/probio/zinc_iron_supplements/omega_3	2/23/2015	44	3	8	0	1	0	0	0	0	2	4	2	1	4	1	7	1	2	blank	1	1	2	1	2	1	2	6	1	3	2	4	2	1	2	3	1	6	2	1	2	6	3	5	2	2	2	3	1	2	1	2	blank	1	1	2	1	1	2	2	1	1	2	1	2	2	1	1	2	4	1	3	1	1	2	1	2	1	2	1	2	2	2	3	1	2	3	2	2	2	3	2	3	2	2	blank	1	1	2	1	2	1	2	2	3	2	2	1	2	2	2	1	2	1	2	1	2	2	2	1	2	1	2	1	2	6	1	2	2	1	2	1	2	1	2	1	2	1	2	5	2	1	2	2	1	1	2	1	2	1	4	2	4	1	2	stool.control.31C.3
stool.control.32C.1.ASU	TGTCGCAAATAG	CCGGACTACHVGGGTWTCTAAT	ASU	No	No	missing	missing	missing	missing	missing	Female	6	Yes	1-2/week	less_than 1/month	less_than 1/month	less_than 1/month	blank	10/31/2014	CO	KY	0	supplements/gf/limited_dairy	10/31/2013	55	4	1	0	1	0	0	0	0	1	blank	3	1	1	2	7	2	1	1	1	1	2	1	2	3	1	1	2	6	2	4	2	1	2	3	1	3	2	5	2	2	3	3	1	1	2	3	2	3	2	3	C15	1	4	3	4	1	2	1	2	1	2	1	2	3	2	4	1	1	2	2	2	3	2	1	2	1	2	3	1	3	1	1	2	1	3	2	3	2	2	1	3	1	2	blank	1	3	2	1	2	1	2	1	2	4	2	3	2	1	2	1	2	1	2	1	2	3	2	2	1	1	2	2	2	2	1	1	2	1	2	1	2	2	1	1	2	3	2	1	2	3	1	1	2	4	1	3	1	4	4	1	4	3	2	stool.control.32C.1.ASU
stool.control.32C.2B	GTCGACAGAGGA	CCGGACTACHVGGGTWTCTAAT	UCDenver	No	No	missing	missing	missing	missing	missing	Female	6	Yes	1-2/month	less_than 1/month	less_than 1/month	less_than 1/month	blank	4/14/2014	CO	CO	5.47	supplements/gf/limited_dairy	4/13/2014	57	4	3	0	1	0	0	0	0	1	blank	1	2	1	2	7	1	2	blank	1	1	2	1	2	4	1	2	1	6	2	4	2	3	1	2	1	2	2	2	1	3	3	1	2	5	2	4	2	3	2	2	C15	1	2	2	1	2	1	2	1	2	2	1	2	3	1	4	1	1	2	2	1	4	1	1	2	1	2	2	1	3	2	4	2	1	1	2	2	2	1	2	3	2	2	3	1	3	1	2	1	2	2	1	2	3	1	1	2	1	2	3	2	2	2	1	2	4	2	1	2	1	2	2	2	1	2	1	2	2	1	1	2	3	1	1	2	4	2	1	2	1	2	2	1	4	1	2	1	4	1	2	4	4	1	stool.control.32C.2B
stool.control.38C.1.ASU	CCAATACGCCTG	CCGGACTACHVGGGTWTCTAAT	ASU	No	No	missing	missing	missing	missing	missing	Male	4	No	No	No	No	No	blank	missing	CO	NA	0	supplements	3/4/2014	30	3	4	0	1	0	0	0	0	2	3	3	2	5	1	3	1	2	blank	1	1	2	1	2	2	1	2	1	2	2	2	1	4	2	3	1	1	2	4	3	1	2	5	2	3	2	3	1	2	4	2	C15	4	1	2	2	1	2	1	2	1	2	1	2	1	2	1	2	4	2	4	2	1	2	2	1	1	2	1	2	1	2	3	2	2	2	2	4	2	1	2	blank	2	1	3	1	2	2	2	1	1	2	1	2	4	1	1	2	2	2	1	2	1	2	1	2	2	1	4	1	1	2	3	2	3	1	1	2	2	2	1	2	3	2	3	2	2	1	3	1	3	1	2	1	3	1	2	1	1	2	1	2	3	1	stool.control.38C.1.ASU
stool.control.39C.3	GTCGTGTAGCCT	CCGGACTACHVGGGTWTCTAAT	UCDenver	No	No	missing	missing	missing	missing	missing	Male	6	No	No	No	No	No	blank	missing	CO	CO	missing	None	1/14/2014	55	4	1	0	1	0	0	0	0	1	blank	1	2	5	2	3	1	2	blank	1	3	1	1	2	2	1	1	2	4	1	5	2	1	2	4	2	3	3	4	2	2	3	3	2	3	2	4	2	3	4	3	C15	4	1	2	1	4	2	1	2	1	2	1	2	2	1	1	2	1	2	4	2	1	2	2	1	1	2	1	2	2	1	2	1	2	3	2	2	3	2	2	1	3	3	3	1	3	2	2	2	2	2	1	2	2	2	1	2	1	2	4	3	1	2	3	3	3	2	4	1	1	2	4	2	2	1	1	2	2	2	1	2	3	2	3	1	3	3	4	1	2	2	2	1	3	1	4	2	1	2	1	3	3	2	stool.control.39C.3
stool.control.39C.4	CTCACAACCGTG	CCGGACTACHVGGGTWTCTAAT	UCDenver	No	No	missing	missing	missing	missing	missing	Male	7	No	No	No	No	No	blank	missing	CO	CO	missing	None	10/27/2015	64	4	3	0	1	0	0	0	0	2	2	1	2	6	2	3	1	2	blank	2	3	1	1	2	3	1	3	1	1	2	4	1	3	2	1	2	4	2	4	2	3	3	3	2	1	2	4	1	2	5	3	C44	6	3	2	3	4	1	2	1	1	2	2	1	3	1	1	2	1	2	4	1	1	2	3	1	1	2	2	1	1	2	2	1	2	4	1	2	3	1	2	blank	3	2	3	1	2	2	1	2	1	2	2	1	2	1	1	2	3	2	2	2	1	2	2	2	3	1	4	1	1	2	4	2	3	2	1	2	1	2	1	2	1	2	2	1	3	2	5	1	4	1	3	1	1	2	1	2	3	3	2	1	3	1	stool.control.39C.4
stool.control.40C.4	GAGCCATCTGTA	CCGGACTACHVGGGTWTCTAAT	UCDenver	No	No	missing	missing	missing	missing	missing	Female	8	Yes	less_than 1/month	less_than 1/month	1-2/month	less_than 1/month	None	missing	CO	NA	missing	None	4/15/2015	50.5	4	2	0	1	0	0	0	0	1	blank	1	2	6	3	2	1	2	blank	1	1	2	1	2	3	1	1	2	1	2	5	1	3	2	2	1	1	2	4	1	1	2	1	2	2	2	3	3	2	4	2	C15	3	2	2	2	4	1	1	2	1	2	1	2	2	1	1	2	1	2	2	1	1	2	1	2	2	2	6	2	2	1	1	4	2	1	2	4	2	1	2	blank	2	1	1	1	1	2	2	1	1	2	2	2	3	1	2	1	1	2	3	3	1	2	1	2	3	1	4	2	1	2	3	2	2	1	3	2	1	2	1	2	1	2	2	2	1	2	5	1	4	2	2	2	4	1	3	1	1	2	1	2	2	1	stool.control.40C.4
stool.control.40C.5	TAACGTGTGTGC	CCGGACTACHVGGGTWTCTAAT	UCDenver	No	No	missing	missing	missing	missing	missing	Female	9	Yes	less_than 1/month	less_than 1/month	3-4/month	less_than 1/month	Diarrhea	missing	CO	NA	missing	None	9/29/2015	53.4	4	3	0	1	0	0	0	0	1	blank	1	2	6	3	2	1	2	blank	1	1	2	1	2	3	2	1	2	1	2	6	2	2	1	1	2	1	2	5	1	1	2	3	2	1	2	3	1	2	6	2	C44	4	4	2	1	2	1	2	1	1	2	2	1	2	2	2	1	blank	2	3	2	1	2	2	2	1	2	4	1	2	1	1	1	2	1	2	2	3	1	2	blank	2	2	1	1	2	1	1	2	1	2	2	2	4	1	2	2	1	2	2	2	2	2	1	2	4	2	1	2	1	2	2	2	2	1	1	2	1	2	1	2	2	2	2	2	1	2	5	1	1	2	2	1	2	1	3	2	1	4	1	3	1	2	stool.control.40C.5