#SampleID,BarcodeSequence,LinkerPrimerSequence,Cohort,sub_cohort,Run,Time_point,Time_From_First_Sample_Months,ASD_numbered,ASD,ASD_Sibling,Gender,Age_In_Years,Abdominal_Pain,Bloating,Loose_Stool,Constipation,GI_questionniare_group,UCD_Abdominal_Pain_subScore,UCD_Bloating_subScore,UCD_Loose_Stool_Diarrhea_subScore,UCD_Constipation_subScore,UCD_total_GI_Score,UCD_total_GI_Scores_all_integers,ASU_ranking_Abdominal_Pain_subScore,ASU_ranking_Loose_Stool_Diarrhea_subScore,ASU_ranking_Constipation_subScore,ASU_consistency_subScore,ASU_smell_subScore,ASU_flatulence_subScore,ASU_total_GI_Score,ConstipationDiarrheaAbdominalPain_GI_Score,Description
Daewook.1,CCACAGATCGAT,CCGGACTACHVGGGTWTCTAAT,AZ,unrelatedControl_AZ,1,NA,0,0,No,NA,Male,12,NA,NA,NA,NA,A,NA,NA,NA,NA,NA,NA,0,0,0,0,0,0,0,0,Daewook.1
Daewook.10,TGCGCTGAATGT,CCGGACTACHVGGGTWTCTAAT,AZ,unrelatedControl_AZ,1,NA,0,0,No,NA,Male,4,NA,NA,NA,NA,A,NA,NA,NA,NA,NA,NA,0,0,0,0,0,0,0,0,Daewook.10
Daewook.11,TGGAGTAGGTGG,CCGGACTACHVGGGTWTCTAAT,AZ,unrelatedControl_AZ,1,NA,0,0,No,NA,Male,5,NA,NA,NA,NA,A,NA,NA,NA,NA,NA,NA,0,0,0,0,0,0,0,0,Daewook.11
Daewook.12,ACCGGTATGTAC,CCGGACTACHVGGGTWTCTAAT,AZ,unrelatedControl_AZ,1,NA,0,0,No,NA,Male,6,NA,NA,NA,NA,A,NA,NA,NA,NA,NA,NA,0,0,0,0,0,0,0,0,Daewook.12
Daewook.13,CAAACAACAGCT,CCGGACTACHVGGGTWTCTAAT,AZ,unrelatedControl_AZ,1,NA,0,0,No,NA,Male,3,NA,NA,NA,NA,A,NA,NA,NA,NA,NA,NA,0,0,0,0,0,0,0,0,Daewook.13
Daewook.14,TTGCGTTAGCAG,CCGGACTACHVGGGTWTCTAAT,AZ,unrelatedControl_AZ,1,NA,0,0,No,NA,Female,14,NA,NA,NA,NA,A,NA,NA,NA,NA,NA,NA,0,0,1,0,0,0,1,1,Daewook.14
Daewook.15,TGTGAATTCGGA,CCGGACTACHVGGGTWTCTAAT,AZ,unrelatedControl_AZ,1,NA,0,0,No,NA,Female,4,NA,NA,NA,NA,A,NA,NA,NA,NA,NA,NA,0,0,1,0,0,0,1,1,Daewook.15
Daewook.16,AGTTGAGGCATT,CCGGACTACHVGGGTWTCTAAT,AZ,unrelatedControl_AZ,1,NA,0,0,No,NA,Female,4,NA,NA,NA,NA,A,NA,NA,NA,NA,NA,NA,0,0,1,0,0,0,1,1,Daewook.16
Daewook.17,GATTCCGGCTCA,CCGGACTACHVGGGTWTCTAAT,AZ,unrelatedControl_AZ,1,NA,0,0,No,NA,Male,15,NA,NA,NA,NA,A,NA,NA,NA,NA,NA,NA,0,0,1,0,0,0,1,1,Daewook.17
Daewook.18,ATGGCTGTCAGT,CCGGACTACHVGGGTWTCTAAT,AZ,unrelatedControl_AZ,1,NA,0,0,No,NA,Male,8,NA,NA,NA,NA,A,NA,NA,NA,NA,NA,NA,0,0,0,0,0,1,1,0,Daewook.18
Daewook.19,TTGGCTCTATTC,CCGGACTACHVGGGTWTCTAAT,AZ,unrelatedControl_AZ,1,NA,0,0,No,NA,Male,16,NA,NA,NA,NA,A,NA,NA,NA,NA,NA,NA,0,0,0,1,1,0,2,0,Daewook.19
Daewook.2,TAGTATGCGCAA,CCGGACTACHVGGGTWTCTAAT,AZ,unrelatedControl_AZ,1,NA,0,0,No,NA,Male,13,NA,NA,NA,NA,A,NA,NA,NA,NA,NA,NA,0,0,0,0,0,0,0,0,Daewook.2
Daewook.20,AATTGTGTCGGA,CCGGACTACHVGGGTWTCTAAT,AZ,unrelatedControl_AZ,1,NA,0,0,No,NA,Male,10,NA,NA,NA,NA,A,NA,NA,NA,NA,NA,NA,1,0,0,0,0,2,3,1,Daewook.20
Daewook.21,GCAACACCATCC,CCGGACTACHVGGGTWTCTAAT,AZ,ASD_AZ,1,NA,0,1,Yes,NA,Male,6,NA,NA,NA,NA,A,NA,NA,NA,NA,NA,NA,0,0,0,0,1,0,1,0,Daewook.21
Daewook.22,TACGAGCCCTAA,CCGGACTACHVGGGTWTCTAAT,AZ,ASD_AZ,1,NA,0,1,Yes,NA,Male,5,NA,NA,NA,NA,A,NA,NA,NA,NA,NA,NA,1,0,0,0,0,1,2,1,Daewook.22
Daewook.23,CATTCGTGGCGT,CCGGACTACHVGGGTWTCTAAT,AZ,ASD_AZ,1,NA,0,1,Yes,NA,Male,8,NA,NA,NA,NA,A,NA,NA,NA,NA,NA,NA,1,0,0,1,0,0,2,1,Daewook.23
Daewook.24,ACAATAGACACC,CCGGACTACHVGGGTWTCTAAT,AZ,ASD_AZ,1,NA,0,1,Yes,NA,Male,11,NA,NA,NA,NA,A,NA,NA,NA,NA,NA,NA,0,0,1,0,0,1,2,1,Daewook.24
Daewook.25,CGTAATTGCCGC,CCGGACTACHVGGGTWTCTAAT,AZ,ASD_AZ,1,NA,0,1,Yes,NA,Male,11,NA,NA,NA,NA,A,NA,NA,NA,NA,NA,NA,0,0,1,0,0,1,2,1,Daewook.25
Daewook.26,GTTCTCTTCTCG,CCGGACTACHVGGGTWTCTAAT,AZ,ASD_AZ,1,NA,0,1,Yes,NA,Male,9,NA,NA,NA,NA,A,NA,NA,NA,NA,NA,NA,0,0,0,1,1,1,3,0,Daewook.26
Daewook.27,TACCGCTTCTTC,CCGGACTACHVGGGTWTCTAAT,AZ,ASD_AZ,1,NA,0,1,Yes,NA,Male,6,NA,NA,NA,NA,A,NA,NA,NA,NA,NA,NA,0,0,1,0,0,2,3,1,Daewook.27
Daewook.28,GCACACCTGATA,CCGGACTACHVGGGTWTCTAAT,AZ,ASD_AZ,1,NA,0,1,Yes,NA,Male,6,NA,NA,NA,NA,A,NA,NA,NA,NA,NA,NA,1,0,1,1,1,0,4,2,Daewook.28
Daewook.29,AGTAGCGGAAGA,CCGGACTACHVGGGTWTCTAAT,AZ,ASD_AZ,1,NA,0,1,Yes,NA,Male,4,NA,NA,NA,NA,A,NA,NA,NA,NA,NA,NA,0,0,0,2,0,2,4,0,Daewook.29
Daewook.3,AGCAGAACATCT,CCGGACTACHVGGGTWTCTAAT,AZ,unrelatedControl_AZ,1,NA,0,0,No,NA,Male,5,NA,NA,NA,NA,A,NA,NA,NA,NA,NA,NA,0,0,0,0,0,0,0,0,Daewook.3
Daewook.30,TCCTCGAGCGAT,CCGGACTACHVGGGTWTCTAAT,AZ,ASD_AZ,1,NA,0,1,Yes,NA,Female,4,NA,NA,NA,NA,A,NA,NA,NA,NA,NA,NA,0,0,2,1,2,0,5,2,Daewook.30
Daewook.31,TTAGAGCCATGC,CCGGACTACHVGGGTWTCTAAT,AZ,ASD_AZ,1,NA,0,1,Yes,NA,Male,5,NA,NA,NA,NA,A,NA,NA,NA,NA,NA,NA,1,0,0,1,1,2,5,1,Daewook.31
Daewook.32,TCGTGCGTGTTG,CCGGACTACHVGGGTWTCTAAT,AZ,ASD_AZ,1,NA,0,1,Yes,NA,Male,4,NA,NA,NA,NA,A,NA,NA,NA,NA,NA,NA,1,0,1,0,2,2,6,2,Daewook.32
Daewook.33,TTAAGACAGTCG,CCGGACTACHVGGGTWTCTAAT,AZ,ASD_AZ,1,NA,0,1,Yes,NA,Female,5,NA,NA,NA,NA,A,NA,NA,NA,NA,NA,NA,1,0,2,1,1,1,6,3,Daewook.33
Daewook.34,GTGCAACCAATC,CCGGACTACHVGGGTWTCTAAT,AZ,ASD_AZ,1,NA,0,1,Yes,NA,Male,4,NA,NA,NA,NA,A,NA,NA,NA,NA,NA,NA,1,0,1,1,2,1,6,2,Daewook.34
Daewook.35,TGTGCGATAACA,CCGGACTACHVGGGTWTCTAAT,AZ,ASD_AZ,1,NA,0,1,Yes,NA,Male,3,NA,NA,NA,NA,A,NA,NA,NA,NA,NA,NA,1,1,2,1,1,1,7,4,Daewook.35
Daewook.36,GCGACAATTACA,CCGGACTACHVGGGTWTCTAAT,AZ,ASD_AZ,1,NA,0,1,Yes,NA,Male,7,NA,NA,NA,NA,A,NA,NA,NA,NA,NA,NA,2,0,2,0,2,1,7,4,Daewook.36
Daewook.37,GCAATTAGGTAC,CCGGACTACHVGGGTWTCTAAT,AZ,ASD_AZ,1,NA,0,1,Yes,NA,Male,11,NA,NA,NA,NA,A,NA,NA,NA,NA,NA,NA,2,0,1,0,2,2,7,3,Daewook.37
Daewook.38,ACCCAAGCGTTA,CCGGACTACHVGGGTWTCTAAT,AZ,ASD_AZ,1,NA,0,1,Yes,NA,Male,9,NA,NA,NA,NA,A,NA,NA,NA,NA,NA,NA,1,1,1,1,2,2,8,3,Daewook.38
Daewook.39,TGAACCCTATGG,CCGGACTACHVGGGTWTCTAAT,AZ,ASD_AZ,1,NA,0,1,Yes,NA,Male,9,NA,NA,NA,NA,A,NA,NA,NA,NA,NA,NA,1,1,2,1,1,2,8,4,Daewook.39
Daewook.4,TACAGCGCATAC,CCGGACTACHVGGGTWTCTAAT,AZ,unrelatedControl_AZ,1,NA,0,0,No,NA,Male,12,NA,NA,NA,NA,A,NA,NA,NA,NA,NA,NA,0,0,0,0,0,0,0,0,Daewook.4
Daewook.40,GTTATCGCATGG,CCGGACTACHVGGGTWTCTAAT,AZ,unrelatedControl_AZ,1,NA,0,0,No,NA,Male,9,NA,NA,NA,NA,A,NA,NA,NA,NA,NA,NA,0,0,0,0,0,0,0,0,Daewook.40
Daewook.42,GCTTGAGCTTGA,CCGGACTACHVGGGTWTCTAAT,AZ,unrelatedControl_AZ,1,NA,0,0,No,NA,Female,8,NA,NA,NA,NA,A,NA,NA,NA,NA,NA,NA,0,0,0,0,0,0,0,0,Daewook.42
Daewook.43,GATTATCGACGA,CCGGACTACHVGGGTWTCTAAT,AZ,unrelatedControl_AZ,1,NA,0,0,No,NA,Male,6,NA,NA,NA,NA,A,NA,NA,NA,NA,NA,NA,0,0,0,0,0,0,0,0,Daewook.43
Daewook.44,TCATGCTCCATT,CCGGACTACHVGGGTWTCTAAT,AZ,unrelatedControl_AZ,1,NA,0,0,No,NA,Male,9,NA,NA,NA,NA,A,NA,NA,NA,NA,NA,NA,0,0,0,0,0,0,0,0,Daewook.44
Daewook.45,CATACCGTGAGT,CCGGACTACHVGGGTWTCTAAT,AZ,unrelatedControl_AZ,1,NA,0,0,No,NA,Male,6,NA,NA,NA,NA,A,NA,NA,NA,NA,NA,NA,0,0,0,0,0,0,0,0,Daewook.45
Daewook.46,TGCAGCAAGATT,CCGGACTACHVGGGTWTCTAAT,AZ,unrelatedControl_AZ,1,NA,0,0,No,NA,Female,4,NA,NA,NA,NA,A,NA,NA,NA,NA,NA,NA,1,0,2,1,1,0,5,3,Daewook.46
Daewook.47,AGAGTCTTGCCA,CCGGACTACHVGGGTWTCTAAT,AZ,unrelatedControl_AZ,1,NA,0,0,No,NA,Male,6,NA,NA,NA,NA,A,NA,NA,NA,NA,NA,NA,0,0,2,0,0,0,2,2,Daewook.47
Daewook.48,GATCACGAGAGG,CCGGACTACHVGGGTWTCTAAT,AZ,unrelatedControl_AZ,1,NA,0,0,No,NA,Male,7,NA,NA,NA,NA,A,NA,NA,NA,NA,NA,NA,0,0,0,0,0,0,0,0,Daewook.48
Daewook.5,CAGCTCATCAGC,CCGGACTACHVGGGTWTCTAAT,AZ,unrelatedControl_AZ,1,NA,0,0,No,NA,Male,4,NA,NA,NA,NA,A,NA,NA,NA,NA,NA,NA,0,0,0,0,0,0,0,0,Daewook.5
Daewook.51,GCCTAGCCCAAT,CCGGACTACHVGGGTWTCTAAT,AZ,unrelatedControl_AZ,1,NA,0,0,No,NA,Male,9,NA,NA,NA,NA,A,NA,NA,NA,NA,NA,NA,0,0,0,0,0,0,0,0,Daewook.51
Daewook.52,AGCTGTCAAGCT,CCGGACTACHVGGGTWTCTAAT,AZ,unrelatedControl_AZ,1,NA,0,0,No,NA,Male,9,NA,NA,NA,NA,A,NA,NA,NA,NA,NA,NA,0,0,1,0,0,1,2,1,Daewook.52
Daewook.53,ATGTGTGTAGAC,CCGGACTACHVGGGTWTCTAAT,AZ,unrelatedControl_AZ,1,NA,0,0,No,NA,Male,12,NA,NA,NA,NA,A,NA,NA,NA,NA,NA,NA,1,0,0,0,1,2,4,1,Daewook.53
Daewook.54,AGCAACATTGCA,CCGGACTACHVGGGTWTCTAAT,AZ,unrelatedControl_AZ,1,NA,0,0,No,NA,Female,16,NA,NA,NA,NA,A,NA,NA,NA,NA,NA,NA,1,0,2,0,0,1,4,3,Daewook.54
Daewook.55,ACAACACTCCGA,CCGGACTACHVGGGTWTCTAAT,AZ,unrelatedControl_AZ,1,NA,0,0,No,NA,Female,14,NA,NA,NA,NA,A,NA,NA,NA,NA,NA,NA,2,0,1,0,0,1,4,3,Daewook.55
Daewook.56,GTAAATTCAGGC,CCGGACTACHVGGGTWTCTAAT,AZ,unrelatedControl_AZ,1,NA,0,0,No,NA,Male,11,NA,NA,NA,NA,A,NA,NA,NA,NA,NA,NA,2,0,2,0,2,1,7,4,Daewook.56
Daewook.57,TGGGTCCCACAT,CCGGACTACHVGGGTWTCTAAT,AZ,unrelatedControl_AZ,1,NA,0,0,No,NA,Female,12,NA,NA,NA,NA,A,NA,NA,NA,NA,NA,NA,1,0,1,0,1,2,5,2,Daewook.57
Daewook.58,GATGTATGTGGT,CCGGACTACHVGGGTWTCTAAT,AZ,unrelatedControl_AZ,1,NA,0,0,No,NA,Female,5,NA,NA,NA,NA,A,NA,NA,NA,NA,NA,NA,0,0,1,0,0,1,2,1,Daewook.58
Daewook.59,GAGAGCAACAGA,CCGGACTACHVGGGTWTCTAAT,AZ,unrelatedControl_AZ,1,NA,0,0,No,NA,Male,13,NA,NA,NA,NA,A,NA,NA,NA,NA,NA,NA,1,0,0,1,1,2,5,1,Daewook.59
Daewook.6,CAACTCCCGTGA,CCGGACTACHVGGGTWTCTAAT,AZ,unrelatedControl_AZ,1,NA,0,0,No,NA,Male,4,NA,NA,NA,NA,A,NA,NA,NA,NA,NA,NA,0,0,0,0,0,0,0,0,Daewook.6
Daewook.60,CCTGCGAAGTAT,CCGGACTACHVGGGTWTCTAAT,AZ,unrelatedControl_AZ,1,NA,0,0,No,NA,Male,5,NA,NA,NA,NA,A,NA,NA,NA,NA,NA,NA,0,0,0,0,0,0,0,0,Daewook.60
Daewook.61,GATGTGGTGTTA,CCGGACTACHVGGGTWTCTAAT,AZ,ASD_AZ,1,NA,0,1,Yes,NA,Male,13,NA,NA,NA,NA,A,NA,NA,NA,NA,NA,NA,0,0,2,1,0,0,3,2,Daewook.61
Daewook.62,CGATGCTGTTGA,CCGGACTACHVGGGTWTCTAAT,AZ,ASD_AZ,1,NA,0,1,Yes,NA,Male,4,NA,NA,NA,NA,A,NA,NA,NA,NA,NA,NA,0,0,2,0,0,0,2,2,Daewook.62
Daewook.63,AGTGTTTCGGAC,CCGGACTACHVGGGTWTCTAAT,AZ,ASD_AZ,1,NA,0,1,Yes,NA,Male,9,NA,NA,NA,NA,A,NA,NA,NA,NA,NA,NA,1,0,0,0,0,1,2,1,Daewook.63
Daewook.64,CACTGGTGCATA,CCGGACTACHVGGGTWTCTAAT,AZ,ASD_AZ,1,NA,0,1,Yes,NA,Male,9,NA,NA,NA,NA,A,NA,NA,NA,NA,NA,NA,1,1,2,1,2,2,9,4,Daewook.64
Daewook.65,ACGATTCGAGTC,CCGGACTACHVGGGTWTCTAAT,AZ,ASD_AZ,1,NA,0,1,Yes,NA,Male,6,NA,NA,NA,NA,A,NA,NA,NA,NA,NA,NA,0,0,1,0,1,0,2,1,Daewook.65
Daewook.68,TTCTCTCGACAT,CCGGACTACHVGGGTWTCTAAT,AZ,ASD_AZ,1,NA,0,1,Yes,NA,Male,13,NA,NA,NA,NA,A,NA,NA,NA,NA,NA,NA,0,0,0,0,0,0,0,0,Daewook.68
Daewook.7,TCGGAATTAGAC,CCGGACTACHVGGGTWTCTAAT,AZ,unrelatedControl_AZ,1,NA,0,0,No,NA,Male,8,NA,NA,NA,NA,A,NA,NA,NA,NA,NA,NA,0,0,0,0,0,0,0,0,Daewook.7
Daewook.72,AACGTAGGCTCT,CCGGACTACHVGGGTWTCTAAT,AZ,ASD_AZ,1,NA,0,1,Yes,NA,Female,16,NA,NA,NA,NA,A,NA,NA,NA,NA,NA,NA,1,0,1,1,1,2,6,2,Daewook.72
Daewook.73,GGTTCGGTCCAT,CCGGACTACHVGGGTWTCTAAT,AZ,ASD_AZ,1,NA,0,1,Yes,NA,Male,17,NA,NA,NA,NA,A,NA,NA,NA,NA,NA,NA,0,0,2,0,0,2,4,2,Daewook.73
Daewook.74,GTCACGGACATT,CCGGACTACHVGGGTWTCTAAT,AZ,ASD_AZ,1,NA,0,1,Yes,NA,Male,6,NA,NA,NA,NA,A,NA,NA,NA,NA,NA,NA,2,1,0,2,2,0,7,3,Daewook.74
Daewook.76,GCTCTCCGTAGA,CCGGACTACHVGGGTWTCTAAT,AZ,ASD_AZ,1,NA,0,1,Yes,NA,Male,11,NA,NA,NA,NA,A,NA,NA,NA,NA,NA,NA,0,0,0,1,1,0,2,0,Daewook.76
Daewook.77,GTAGAGGTAGAG,CCGGACTACHVGGGTWTCTAAT,AZ,ASD_AZ,1,NA,0,1,Yes,NA,Male,9,NA,NA,NA,NA,A,NA,NA,NA,NA,NA,NA,2,0,2,0,0,2,6,4,Daewook.77
Daewook.78,ACGCGAACTAAT,CCGGACTACHVGGGTWTCTAAT,AZ,ASD_AZ,1,NA,0,1,Yes,NA,Male,13,NA,NA,NA,NA,A,NA,NA,NA,NA,NA,NA,0,0,2,1,2,1,6,2,Daewook.78
Daewook.79,TGGCAAATCTAG,CCGGACTACHVGGGTWTCTAAT,AZ,ASD_AZ,1,NA,0,1,Yes,NA,Male,14,NA,NA,NA,NA,A,NA,NA,NA,NA,NA,NA,2,0,2,0,2,0,6,4,Daewook.79
Daewook.8,TATACCGCTGCG,CCGGACTACHVGGGTWTCTAAT,AZ,unrelatedControl_AZ,1,NA,0,0,No,NA,Male,13,NA,NA,NA,NA,A,NA,NA,NA,NA,NA,NA,0,0,0,0,0,0,0,0,Daewook.8
Daewook.80,AGTTGTAGTCCG,CCGGACTACHVGGGTWTCTAAT,AZ,ASD_AZ,1,NA,0,1,Yes,NA,Male,15,NA,NA,NA,NA,A,NA,NA,NA,NA,NA,NA,2,0,2,0,2,1,7,4,Daewook.80
Daewook.81,CTGATCCATCTT,CCGGACTACHVGGGTWTCTAAT,AZ,ASD_AZ,1,NA,0,1,Yes,NA,Male,6,NA,NA,NA,NA,A,NA,NA,NA,NA,NA,NA,0,0,0,1,0,0,1,0,Daewook.81
Daewook.82,GCGAGCGAAGTA,CCGGACTACHVGGGTWTCTAAT,AZ,ASD_AZ,1,NA,0,1,Yes,NA,Male,5,NA,NA,NA,NA,A,NA,NA,NA,NA,NA,NA,1,0,1,0,2,2,6,2,Daewook.82
Daewook.83,TACCGAAGGTAT,CCGGACTACHVGGGTWTCTAAT,AZ,ASD_AZ,1,NA,0,1,Yes,NA,Male,12,NA,NA,NA,NA,A,NA,NA,NA,NA,NA,NA,1,1,1,1,1,2,7,3,Daewook.83
Daewook.9,TATCGACACAAG,CCGGACTACHVGGGTWTCTAAT,AZ,unrelatedControl_AZ,1,NA,0,0,No,NA,Male,6,NA,NA,NA,NA,A,NA,NA,NA,NA,NA,NA,0,0,0,0,0,0,0,0,Daewook.9
stool.ASD.1.1,CGGTCAATTGAC,CCGGACTACHVGGGTWTCTAAT,CO,ASD_CO,1,1,0,1,Yes,NA,Male,2,less_than 1/month,less_than 1/month,less_than 1/month,1-2/month,A,0,0,0,1,1,1,0,0,0,NA,NA,NA,NA,0,stool.ASD.1.1
stool.ASD.12.1,TGTCGCAAATAG,CCGGACTACHVGGGTWTCTAAT,CO,ASD_CO,1,1,0,1,Yes,NA,Male,8,unsure,unsure,unsure,unsure,A,0,0,0,0,0,0,0,0,0,NA,NA,NA,NA,0,stool.ASD.12.1
stool.ASD.14.2,TGCATACACTGG,CCGGACTACHVGGGTWTCTAAT,CO,ASD_CO,1,2,4,1,Yes,NA,Male,9,less_than 1/month,less_than 1/month,3-4/month,less_than 1/month,A,0,0,3,0,3,3,0,1,0,NA,NA,NA,NA,1,stool.ASD.14.2
stool.ASD.19.1,GCTCGAAGATTC,CCGGACTACHVGGGTWTCTAAT,CO,ASD_CO,1,1,0,1,Yes,NA,Male,8,missing,missing,missing,missing,B,missing,missing,missing,missing,missing,1,missing,missing,missing,NA,NA,NA,NA,1,stool.ASD.19.1
stool.ASD.22.2,GCGATATATCGC,CCGGACTACHVGGGTWTCTAAT,CO,ASD_CO,1,2,3.67,1,Yes,NA,Male,4,No,No,No,No,A,0,0,0,0,0,0,0,0,0,NA,NA,NA,NA,0,stool.ASD.22.2
stool.ASD.24.1,AACTAGTTCAGG,CCGGACTACHVGGGTWTCTAAT,CO,ASD_CO,1,1,0,1,Yes,NA,Male,5,No,No,No,No,A,0,0,0,0,0,0,0,0,0,NA,NA,NA,NA,0,stool.ASD.24.1
stool.ASD.25.2,ACCAGTGACTCA,CCGGACTACHVGGGTWTCTAAT,CO,ASD_CO,1,2,7,1,Yes,NA,Female,10,less_than 1/month,less_than 1/month,less_than 1/month,1-2/week,A,0,0,0,5,5,5,0,0,1,NA,NA,NA,NA,1,stool.ASD.25.2
stool.ASD.27.4,AGATTGACCAAC,CCGGACTACHVGGGTWTCTAAT,CO,ASD_CO,2,4,missing,1,Yes,NA,Male,6,1-2/month,3-4/month,3-4/month,3-4/month,A,1,3,3,3,10,10,0,1,1,NA,NA,NA,NA,2,stool.ASD.27.4
stool.ASD.3.1A,GGTGACTAGTTC,CCGGACTACHVGGGTWTCTAAT,CO,ASD_CO,1,1,0,1,Yes,NA,Male,5,No,No,No,No,A,0,0,0,0,0,0,0,0,0,NA,NA,NA,NA,0,stool.ASD.3.1A
stool.ASD.4.1,TGCAGTCCTCGA,CCGGACTACHVGGGTWTCTAAT,CO,ASD_CO,1,1,0,1,Yes,NA,Female,8,No,No,No,No,A,0,0,0,0,0,0,0,0,0,NA,NA,NA,NA,0,stool.ASD.4.1
stool.ASD.6.2,CGTAAGATGCCT,CCGGACTACHVGGGTWTCTAAT,CO,ASD_CO,1,2,10.7,1,Yes,NA,Male,7,missing,missing,3-4/month,less_than 1/month,A,missing,missing,3,0,3,3,missing,1,0,NA,NA,NA,NA,1,stool.ASD.6.2
stool.ASD.7.2,GTGGAGTCTCAT,CCGGACTACHVGGGTWTCTAAT,CO,ASD_CO,1,2,2.97,1,Yes,NA,Male,11,1-2/month,3-4/month,1-2/month,1-2/week,A,1,3,1,5,10,10,0,0,1,NA,NA,NA,NA,1,stool.ASD.7.2
stool.ASD.8.1,ATGGGTTCCGTC,CCGGACTACHVGGGTWTCTAAT,CO,ASD_CO,1,1,0,1,Yes,NA,Male,6,1-2/month,1-2/month,1-2/month,greater_than 3/week,A,1,1,1,10,13,13,0,0,2,NA,NA,NA,NA,2,stool.ASD.8.1
stool.control.13S.1B,GTGGTGGTTTCC,CCGGACTACHVGGGTWTCTAAT,CO,siblingControl_CO,1,1,0,0,No,Yes,Male,5,No,No,No,No,A,0,0,0,0,0,0,0,0,0,NA,NA,NA,NA,0,stool.control.13S.1B
stool.control.15S.2,GAGCCATCTGTA,CCGGACTACHVGGGTWTCTAAT,CO,siblingControl_CO,1,2,2.83,0,No,Yes,Female,6,less_than 1/month,less_than 1/month,less_than 1/month,1-2/week,A,0,0,0,5,5,5,0,0,1,NA,NA,NA,NA,1,stool.control.15S.2
stool.control.18S.1,AGGCTTACGTGT,CCGGACTACHVGGGTWTCTAAT,CO,siblingControl_CO,1,1,0,0,No,Yes,Male,3,missing,missing,missing,missing,B,missing,missing,missing,missing,missing,1,missing,missing,missing,NA,NA,NA,NA,0,stool.control.18S.1
stool.control.26S.1,TAGGCATGCTTG,CCGGACTACHVGGGTWTCTAAT,CO,siblingControl_CO,1,1,0,0,No,Yes,Male,6,No,No,No,No,A,0,0,0,0,0,0,0,0,0,NA,NA,NA,NA,0,stool.control.26S.1
stool.control.28S.2,GTAGATCGTGTA,CCGGACTACHVGGGTWTCTAAT,CO,siblingControl_CO,1,2,0,0,No,Yes,Female,3,less_than 1/month,less_than 1/month,1-2/month,less_than 1/month,A,0,0,1,0,1,1,0,0,0,NA,NA,NA,NA,0,stool.control.28S.2
stool.control.29C.1,CGAGGGAAAGTC,CCGGACTACHVGGGTWTCTAAT,CO,unrelatedControl_CO,1,1,0,0,No,No,Male,4,No,No,No,No,A,0,0,0,0,0,0,0,0,0,NA,NA,NA,NA,0,stool.control.29C.1
stool.control.30C.4,ATGATGAGCCTC,CCGGACTACHVGGGTWTCTAAT,CO,unrelatedControl_CO,2,4,missing,0,No,No,Female,6,1-2/month,less_than 1/month,1-2/month,less_than 1/month,A,1,0,1,0,2,2,0,0,0,NA,NA,NA,NA,0,stool.control.30C.4
stool.control.31C.2,GAACACTTTGGA,CCGGACTACHVGGGTWTCTAAT,CO,unrelatedControl_CO,1,2,5.9,0,No,No,Male,5,blank,blank,blank,blank,A,0,0,0,0,0,0,0,0,0,NA,NA,NA,NA,0,stool.control.31C.2
stool.control.32C.2.run2,GTCGACAGAGGA,CCGGACTACHVGGGTWTCTAAT,CO,unrelatedControl_CO,2,2,5.47,0,No,No,Female,6,1-2/month,less_than 1/month,less_than 1/month,less_than 1/month,A,1,0,0,0,1,1,0,0,0,NA,NA,NA,NA,0,stool.control.32C.2.run2
stool.control.34C.1,GTCGACAGAGGA,CCGGACTACHVGGGTWTCTAAT,CO,unrelatedControl_CO,1,1,0,0,No,No,Female,5,No,No,No,No,A,0,0,0,0,0,0,0,0,0,NA,NA,NA,NA,0,stool.control.34C.1
stool.control.35C.1A,CTCACCTAGGAA,CCGGACTACHVGGGTWTCTAAT,CO,unrelatedControl_CO,1,1,0,0,No,No,Female,8,No,No,No,No,A,0,0,0,0,0,0,0,0,0,NA,NA,NA,NA,0,stool.control.35C.1A
stool.control.36C.1,AGTCGTGCACAT,CCGGACTACHVGGGTWTCTAAT,CO,unrelatedControl_CO,1,1,0,0,No,No,Male,9,No,No,No,No,A,0,0,0,0,0,0,0,0,0,NA,NA,NA,NA,0,stool.control.36C.1
stool.control.37C.1,ACCATAGCTCCG,CCGGACTACHVGGGTWTCTAAT,CO,unrelatedControl_CO,1,1,0,0,No,No,Female,8,No,No,No,No,A,0,0,0,0,0,0,0,0,0,NA,NA,NA,NA,0,stool.control.37C.1
stool.control.38C.2A,AGCATGTCCCGT,CCGGACTACHVGGGTWTCTAAT,CO,unrelatedControl_CO,1,2,3.17,0,No,No,Male,5,No,No,No,No,A,0,0,0,0,0,0,0,0,0,NA,NA,NA,NA,0,stool.control.38C.2A
stool.control.39C.3,GTCGTGTAGCCT,CCGGACTACHVGGGTWTCTAAT,CO,unrelatedControl_CO,2,3,missing,0,No,No,Male,6,No,No,No,No,A,0,0,0,0,0,0,0,0,0,NA,NA,NA,NA,0,stool.control.39C.3
stool.control.40C.4,GAGCCATCTGTA,CCGGACTACHVGGGTWTCTAAT,CO,unrelatedControl_CO,2,4,missing,0,No,No,Female,8,less_than 1/month,less_than 1/month,1-2/month,less_than 1/month,A,0,0,1,0,1,1,0,0,0,NA,NA,NA,NA,0,stool.control.40C.4