sample_name	BarcodeSequence	LinkerPrimerSequence	Location_of_DNA_Extraction	ASD	ASD_Sibling	Irritabilty	Lethargy	Stereotypy	Hyperactivity	Inapp_Speech	Gender	Age_In_Years	GI_Symptoms	Abdominal_Pain	Bloating	Loose_Stool	Constipation	Sample_Symptoms	CollectionDate	Location	Time_From_First_Sample_Months	Special_Diets	Diet_Questionnaire_Date	WEIGHT	HEIGHTFEET	HEIGHTINCHES	BLACKAFRICAN	WHITE	HISPANIC	ASIAN	NATIVEINDIAN	OTHERETHNICITY	VITAMINREGULARUSE	VITAMINPILLDAYSAMOUNT	CHOCMILKFREQ	CHOCMILKQUAN	REDUCEDFATMILKFREQ	REDUCEDFATMILKQUAN	TYPEOFMILK	SOFTDRINKSFREQ	SOFTDRINKSQUAN	SODAAMOUNT	SLURPEEFREQ	HAWAIIANPUNCHFREQ	HAWAIIANPUNCHQUAN	HICFREQ	HICQUAN	ORANGEJUICEFREQ	ORANGEJUICEQUAN	OTHERJUICEFREQ	OTHERJUICEQUAN	BANANASFREQ	BANANASQUAN	APPLESPEARSFREQ	APPLESPEARSQUAN	ORANGESFREQ	ORANGESQUAN	STRAWBERRYFREQ	STRAWBERRYQUAN	CANNEDFRUITFREQ	CANNEDFRUITQUAN	OTHERFRUITFREQ	OTHERFRUITQUAN	PANCAKEFREQ	PANCAKEQUAN	BARSFREQ	BARSQUAN	EGGSFREQ	EGGSQUAN	BACONFREQ	COOKEDCEREALFREQ	COOKEDCEREALQUAN	COLDCEREALFREQ	COLDCEREALQUAN	COLDCEREALCODE	MILKONCEREALFREQ	GREENSALADFREQ	GREENSALADQUAN	SALADDRESSINGFREQ	BEANSPEASFREQ	BEANSPEASQUAN	PINTOBEANSFREQ	PINTOBEANSQUAN	REFRIEDBEANSFREQ	REFRIEDBEANSQUAN	CORNFREQ	CORNQUAN	TOMATOESFREQ	TOMATOESQUAN	GREENSFREQ	GREENSQUAN	BROCCOLIFREQ	BROCCOLIQUAN	CARROTSFREQ	CARROTSQUAN	SWEETPOTATOESFREQ	SWEETPOTATOESQUAN	FRIESFREQ	FRIESQUAN	WHITEPOTATOESFREQ	WHITEPOTATOESQUAN	OTHERVEGGIESFREQ	OTHERVEGGIESQUAN	RICEFREQ	RICEQUAN	SALSAFREQ	SPAGHETTIFREQ	SPAGHETTIQUAN	CHEESEDISHFREQ	CHEESEDISHQUAN	PIZZAFREQ	PIZZAQUAN	BURGERFREQ	BURGERQUAN	BURGERTYPE	TACOSFREQ	TACOSQUAN	TACOTYPE	HOTPOCKETFREQ	BEEFFREQ	BEEFQUAN	HAMBURGERHELPERFREQ	HAMBURGERHELPERQUAN	PORKFREQ	PORKQUAN	FRIEDCHICKENFREQ	FRIEDCHICKENQUAN	NOTFRIEDCHICKENFREQ	NOTFRIEDCHICKENQUAN	ANYFISHFREQ	ANYFISHQUAN	HOTDOGFREQ	HOTDOGQUAN	HAMFREQ	HAMQUAN	VEGGIESOUPFREQ	VEGGIESOUPQUAN	OTHERSOUPFREQ	OTHERSOUPQUAN	SALTYSNACKSFREQ	SALTYSNACKSQUAN	CRACKERSFREQ	CRACKERSQUAN	NACHOSFREQ	NACHOSQUAN	ICECREAMFREQ	ICECREAMQUAN	COOKIESFREQ	COOKIESQUAN	DOUGHNUTSFREQ	DOUGHNUTSQUAN	CAKEFREQ	CAKEQUAN	PIEFREQ	PIEQUAN	CHOCOLATECANDYFREQ	CHOCOLATECANDYQUAN	CANDYFREQ	CANDYQUAN	BISCUITSFREQ	BISCUITSQUAN	WHOLEWHEATBREADFREQ	WHOLEWHEATBREADQUAN	WHITEBREADFREQ	WHITEBREADQUAN	TORTILLASFREQ	TORTILLASQUAN	MARGARINEFREQ	MARGARINEQUAN	CHEESEFREQ	CHEESEQUAN	MAYOFREQ	PEANUTBUTTERFREQ	PEANUTBUTTERQUAN	JELLYFREQ	NUTSFREQ	NUTSQUAN	host_subject_id	sample_type	taxon_id	scientific_name	env_biome	env_feature	env_material	env_package	latitude	longitude	lat_lon	elevation	alt_elev	empo_1	empo_2	empo_3	host_body_product	host_taxid	host_common_name	host_scientific_name	Description
stool.ASD.1.1	CGGTCAATTGAC	CCGGACTACHVGGGTWTCTAAT	UCDenver	Yes	not applicable	5	2	3	6	1	Male	2	Yes	less_than 1/month	less_than 1/month	less_than 1/month	1-2/month	None	4/10/12	CO	0	probio/vitamin/supplements/omegas	missing	missing	missing	missing	missing	missing	missing	missing	missing	missing	missing	missing	missing	missing	missing	missing	missing	missing	missing	missing	missing	missing	missing	missing	missing	missing	missing	missing	missing	missing	missing	missing	missing	missing	missing	missing	missing	missing	missing	missing	missing	missing	missing	missing	missing	missing	missing	missing	missing	missing	missing	missing	missing	missing	missing	missing	missing	missing	missing	missing	missing	missing	missing	missing	missing	missing	missing	missing	missing	missing	missing	missing	missing	missing	missing	missing	missing	missing	missing	missing	missing	missing	missing	missing	missing	missing	missing	missing	missing	missing	missing	missing	missing	missing	missing	missing	missing	missing	missing	missing	missing	missing	missing	missing	missing	missing	missing	missing	missing	missing	missing	missing	missing	missing	missing	missing	missing	missing	missing	missing	missing	missing	missing	missing	missing	missing	missing	missing	missing	missing	missing	missing	missing	missing	missing	missing	missing	missing	missing	missing	missing	missing	missing	missing	missing	missing	missing	missing	missing	missing	missing	missing	missing	missing	missing	1	human-gut	408170	human gut metagenome	not applicable	not applicable	not applicable	not applicable	39.7453	104.8376	39.7453 104.8376	1609 m	1609 m	Host-associated	Animal-associated	Animal distal gut	stool	9606	human	Homo sapiens	stool.ASD.1.1
stool.ASD.3.1A	GGTGACTAGTTC	CCGGACTACHVGGGTWTCTAAT	UCDenver	Yes	not applicable	6	3	0	7	2	Male	5	No	No	No	No	No	blank	1/16/13	CO	0	gf/cf/soyf/Zinc_supplements/glycine powder/CoQ10/DHA_oil/Kalire _labs _vital-zyme_enzyme	missing	missing	missing	missing	missing	missing	missing	missing	missing	missing	missing	missing	missing	missing	missing	missing	missing	missing	missing	missing	missing	missing	missing	missing	missing	missing	missing	missing	missing	missing	missing	missing	missing	missing	missing	missing	missing	missing	missing	missing	missing	missing	missing	missing	missing	missing	missing	missing	missing	missing	missing	missing	missing	missing	missing	missing	missing	missing	missing	missing	missing	missing	missing	missing	missing	missing	missing	missing	missing	missing	missing	missing	missing	missing	missing	missing	missing	missing	missing	missing	missing	missing	missing	missing	missing	missing	missing	missing	missing	missing	missing	missing	missing	missing	missing	missing	missing	missing	missing	missing	missing	missing	missing	missing	missing	missing	missing	missing	missing	missing	missing	missing	missing	missing	missing	missing	missing	missing	missing	missing	missing	missing	missing	missing	missing	missing	missing	missing	missing	missing	missing	missing	missing	missing	missing	missing	missing	missing	missing	missing	missing	missing	missing	missing	missing	missing	missing	missing	missing	missing	missing	missing	missing	missing	missing	3	human-gut	408170	human gut metagenome	not applicable	not applicable	not applicable	not applicable	39.7453	104.8376	39.7453 104.8377	1609 m	1609 m	Host-associated	Animal-associated	Animal distal gut	stool	9606	human	Homo sapiens	stool.ASD.3.1A
stool.ASD.3.1B	TCTCTACCACTC	CCGGACTACHVGGGTWTCTAAT	UCDenver	Yes	not applicable	6	3	0	7	2	Male	5	No	No	No	No	No	blank	1/16/13	CO	0	gf/cf/soyf/Zinc_supplements/glycine powder/CoQ10/DHA_oil/Kalire _labs _vital-zyme_enzyme	missing	missing	missing	missing	missing	missing	missing	missing	missing	missing	missing	missing	missing	missing	missing	missing	missing	missing	missing	missing	missing	missing	missing	missing	missing	missing	missing	missing	missing	missing	missing	missing	missing	missing	missing	missing	missing	missing	missing	missing	missing	missing	missing	missing	missing	missing	missing	missing	missing	missing	missing	missing	missing	missing	missing	missing	missing	missing	missing	missing	missing	missing	missing	missing	missing	missing	missing	missing	missing	missing	missing	missing	missing	missing	missing	missing	missing	missing	missing	missing	missing	missing	missing	missing	missing	missing	missing	missing	missing	missing	missing	missing	missing	missing	missing	missing	missing	missing	missing	missing	missing	missing	missing	missing	missing	missing	missing	missing	missing	missing	missing	missing	missing	missing	missing	missing	missing	missing	missing	missing	missing	missing	missing	missing	missing	missing	missing	missing	missing	missing	missing	missing	missing	missing	missing	missing	missing	missing	missing	missing	missing	missing	missing	missing	missing	missing	missing	missing	missing	missing	missing	missing	missing	missing	missing	3	human-gut	408170	human gut metagenome	not applicable	not applicable	not applicable	not applicable	39.7453	104.8376	39.7453 104.8378	1609 m	1609 m	Host-associated	Animal-associated	Animal distal gut	stool	9606	human	Homo sapiens	stool.ASD.3.1B
stool.ASD.4.1	TGCAGTCCTCGA	CCGGACTACHVGGGTWTCTAAT	UCDenver	Yes	not applicable	9	5	1	13	0	Female	8	No	No	No	No	No	blank	11/7/13	CO	0	probio/vitamin/supplements	11/7/13	blank	blank	blank	0	0	0	0	0	0	2	3	blank	2	4	1	2	1	2	blank	1	1	2	1	2	4	1	1	2	2	2	3	2	3	2	3	2	1	2	4	2	2	1	2	2	2	2	2	1	2	2	2	C50	3	4	2	blank	2	1	1	2	blank	2	2	2	4	3	2	2	2	3	2	2	blank	2	blank	2	2	3	blank	2	5	2	blank	blank	2	3	2	2	3	1	2	blank	2	1	3	1	2	1	1	2	1	2	blank	2	3	2	2	2	blank	2	blank	2	blank	2	2	2	2	3	1	2	2	3	1	2	4	1	2	3	2	1	blank	2	2	2	3	3	2	2	1	2	3	2	1	2	3	2	1	2	1	1	2	2	4	2	4	human-gut	408170	human gut metagenome	not applicable	not applicable	not applicable	not applicable	39.7453	104.8376	39.7453 104.8379	1609 m	1609 m	Host-associated	Animal-associated	Animal distal gut	stool	9606	human	Homo sapiens	stool.ASD.4.1
stool.ASD.6.1	TCCCTTGTCTCC	CCGGACTACHVGGGTWTCTAAT	UCDenver	Yes	not applicable	missing	missing	missing	missing	missing	Male	7	missing	missing	missing	missing	missing	missing	7/22/13	CO	0	missing	missing	missing	missing	missing	missing	missing	missing	missing	missing	missing	missing	missing	missing	missing	missing	missing	missing	missing	missing	missing	missing	missing	missing	missing	missing	missing	missing	missing	missing	missing	missing	missing	missing	missing	missing	missing	missing	missing	missing	missing	missing	missing	missing	missing	missing	missing	missing	missing	missing	missing	missing	missing	missing	missing	missing	missing	missing	missing	missing	missing	missing	missing	missing	missing	missing	missing	missing	missing	missing	missing	missing	missing	missing	missing	missing	missing	missing	missing	missing	missing	missing	missing	missing	missing	missing	missing	missing	missing	missing	missing	missing	missing	missing	missing	missing	missing	missing	missing	missing	missing	missing	missing	missing	missing	missing	missing	missing	missing	missing	missing	missing	missing	missing	missing	missing	missing	missing	missing	missing	missing	missing	missing	missing	missing	missing	missing	missing	missing	missing	missing	missing	missing	missing	missing	missing	missing	missing	missing	missing	missing	missing	missing	missing	missing	missing	missing	missing	missing	missing	missing	missing	missing	missing	missing	missing	6	human-gut	408170	human gut metagenome	not applicable	not applicable	not applicable	not applicable	39.7453	104.8376	39.7453 104.8380	1609 m	1609 m	Host-associated	Animal-associated	Animal distal gut	stool	9606	human	Homo sapiens	stool.ASD.6.1
stool.ASD.6.2	CGTAAGATGCCT	CCGGACTACHVGGGTWTCTAAT	UCDenver	Yes	not applicable	3	6	8	20	3	Male	7	Yes	missing	missing	3-4/month	less_than 1/month	Abdominal_pain/excess gas	6/12/14	CO	10.7	gf/probio/Magnesium_sulfate_citrate_supplements	6/12/14	50	4	blank	0	1	0	0	0	0	1	blank	1	2	4	1	2	1	2	blank	1	1	2	1	2	blank	2	3	1	5	1	4	3	1	2	4	2	1	2	4	3	2	2	1	2	3	2	1	1	2	1	2	blank	1	4	2	1	4	1	1	2	4	2	1	2	3	3	3	2	2	1	4	2	1	2	3	1	2	1	3	2	1	2	1	2	1	blank	2	3	3	1	2	blank	1	2	blank	1	1	2	1	2	1	2	1	2	2	1	1	2	1	2	1	2	1	2	1	2	2	1	1	2	1	2	1	2	4	1	1	2	1	2	1	2	1	2	1	2	1	2	1	2	1	2	1	2	1	2	3	1	1	4	2	1	3	1	6	human-gut	408170	human gut metagenome	not applicable	not applicable	not applicable	not applicable	39.7453	104.8376	39.7453 104.8381	1609 m	1609 m	Host-associated	Animal-associated	Animal distal gut	stool	9606	human	Homo sapiens	stool.ASD.6.2
stool.ASD.7.1	GGCCAGTTCCTA	CCGGACTACHVGGGTWTCTAAT	UCDenver	Yes	not applicable	10	1	2	5	4	Male	11	Yes	1-2/month	3-4/month	less_than 1/month	1-2/week	Constipation	8/6/13	CO	0	vitamin/iron_supplements	8/6/13	102	4	9	0	1	0	0	0	0	2	4	6	3	3	2	2	3	1	1	1	1	2	1	2	1	2	6	1	1	2	1	2	1	2	1	2	5	2	1	2	2	2	1	2	4	2	2	1	2	1	2	blank	1	2	3	2	1	2	1	2	1	2	1	2	1	2	1	2	1	2	1	2	1	2	2	2	1	2	1	2	1	2	2	2	2	2	3	4	3	2	2	1	1	2	blank	1	1	2	1	2	1	2	1	2	1	2	1	2	1	2	2	3	1	2	1	2	5	2	1	2	1	2	1	2	1	2	2	1	1	2	3	2	1	2	1	2	1	2	1	2	6	3	2	1	2	1	6	2	1	5	2	5	1	2	7	human-gut	408170	human gut metagenome	not applicable	not applicable	not applicable	not applicable	39.7453	104.8376	39.7453 104.8382	1609 m	1609 m	Host-associated	Animal-associated	Animal distal gut	stool	9606	human	Homo sapiens	stool.ASD.7.1
stool.ASD.7.2	GTGGAGTCTCAT	CCGGACTACHVGGGTWTCTAAT	UCDenver	Yes	not applicable	4	1	0	1	2	Male	11	Yes	1-2/month	3-4/month	1-2/month	1-2/week	blank	11/5/13	CO	2.97	vitamin/iron_supplements	11/5/13	108	4	10	0	1	0	0	0	0	2	4	3	2	1	2	6	2	1	1	1	1	2	1	2	1	2	4	1	2	2	1	2	1	2	1	2	6	2	1	2	1	2	1	2	4	2	2	1	2	1	2	blank	1	1	2	1	1	2	1	2	1	2	1	2	1	2	1	2	1	2	1	2	1	2	2	2	1	2	1	2	1	2	1	1	2	3	3	3	3	2	2	1	1	2	blank	1	1	2	1	2	1	2	1	2	1	2	1	2	1	2	3	3	1	2	1	2	blank	2	blank	3	1	2	1	2	1	2	1	2	1	2	2	2	1	2	6	1	1	2	6	3	3	2	2	1	3	1	4	2	2	4	2	4	1	2	7	human-gut	408170	human gut metagenome	not applicable	not applicable	not applicable	not applicable	39.7453	104.8376	39.7453 104.8383	1609 m	1609 m	Host-associated	Animal-associated	Animal distal gut	stool	9606	human	Homo sapiens	stool.ASD.7.2
stool.ASD.7.3	ATTCTGCCGAAG	CCGGACTACHVGGGTWTCTAAT	UCDenver	Yes	not applicable	0	2	0	4	1	Male	11	Yes	1-2/week	1-2/week	1-2/week	1-2/week	None	4/29/14	CO	8.77	cf/iron_supplements/vitamins	4/29/14	101	4	11	0	1	0	0	0	0	2	4	6	3	1	2	2	3	1	1	1	2	1	1	2	1	2	2	1	1	2	1	2	1	2	1	2	6	2	1	2	1	2	1	2	4	2	2	1	2	1	2	blank	1	2	3	2	1	2	1	2	1	2	1	2	1	2	1	2	1	2	1	2	1	2	3	2	1	2	1	2	1	2	3	2	2	1	2	3	3	3	2	1	1	2	blank	1	1	2	1	2	1	2	1	2	2	3	1	2	1	2	1	2	1	2	1	2	6	2	6	2	1	2	2	2	1	2	1	2	1	2	2	2	1	2	1	2	1	2	1	2	6	3	2	1	1	2	4	2	1	5	2	5	1	2	7	human-gut	408170	human gut metagenome	not applicable	not applicable	not applicable	not applicable	39.7453	104.8376	39.7453 104.8384	1609 m	1609 m	Host-associated	Animal-associated	Animal distal gut	stool	9606	human	Homo sapiens	stool.ASD.7.3
stool.ASD.7.4	ATGTCACCGCTG	CCGGACTACHVGGGTWTCTAAT	UCDenver	Yes	not applicable	2	6	0	1	2	Male	12	yes	less_than 1/month	less_than 1/month	less_than 1/month	3-4/month	blank	missing	CO	0	vitamin/iron_supplements	8/19/14	94	5	0	0	1	0	0	0	0	2	4	5	2	1	2	6	4	1	2	1	2	1	1	2	1	2	4	1	2	2	1	2	1	2	1	2	3	2	1	2	1	2	1	2	4	2	1	1	2	1	2	blank	1	2	3	2	1	2	1	2	1	2	1	2	1	2	1	2	1	2	1	2	1	2	3	3	1	2	1	2	1	2	3	1	2	2	2	3	3	3	2	1	1	2	blank	1	1	2	1	2	1	2	1	2	1	2	2	1	1	2	2	3	1	2	1	2	6	2	6	2	1	2	3	2	1	2	1	2	1	2	2	2	1	2	1	2	1	2	1	2	6	3	1	2	1	2	4	2	2	5	2	5	1	2	7	human-gut	408170	human gut metagenome	not applicable	not applicable	not applicable	not applicable	39.7453	104.8376	39.7453 104.8385	1609 m	1609 m	Host-associated	Animal-associated	Animal distal gut	stool	9606	human	Homo sapiens	stool.ASD.7.4
stool.ASD.8.1	ATGGGTTCCGTC	CCGGACTACHVGGGTWTCTAAT	UCDenver	Yes	not applicable	16	10	4	28	11	Male	6	Yes	1-2/month	1-2/month	1-2/month	greater_than 3/week	Constipation	8/5/13	CO	0	supplements	8/1/13	34	3	6	0	1	0	0	0	0	2	4	1	2	1	2	2	1	2	blank	1	2	1	1	2	1	2	6	3	3	3	1	2	4	3	1	2	1	2	5	3	3	2	1	2	1	2	5	1	2	1	2	blank	1	1	2	3	4	1	1	2	1	2	1	2	1	2	1	2	1	2	4	1	1	2	2	1	3	1	4	2	1	2	1	4	3	3	3	1	2	1	2	blank	1	2	blank	1	1	2	1	2	1	2	4	3	1	2	1	2	4	3	1	2	1	2	1	2	1	2	1	2	1	2	1	2	4	2	1	2	1	2	1	2	1	2	3	1	1	2	3	3	3	2	3	2	6	1	2	1	1	1	2	1	1	2	8	human-gut	408170	human gut metagenome	not applicable	not applicable	not applicable	not applicable	39.7453	104.8376	39.7453 104.8386	1609 m	1609 m	Host-associated	Animal-associated	Animal distal gut	stool	9606	human	Homo sapiens	stool.ASD.8.1
stool.ASD.12.1	TGTCGCAAATAG	CCGGACTACHVGGGTWTCTAAT	UCDenver	Yes	not applicable	24	16	4	30	2	Male	8	unsure	unsure	unsure	unsure	unsure	None	8/7/13	CO	0	probio/vitamin/supplements/cf/fish_oil	8/10/13	52.5	4	0	0	0	0	1	0	0	2	3	1	2	4	2	6	2	1	1	4	1	2	1	2	4	1	4	2	4	3	3	2	1	2	5	3	4	2	4	3	1	2	1	2	3	3	1	1	2	3	2	C15	1	4	2	4	3	2	2	2	1	2	3	2	3	2	2	1	3	2	4	1	1	2	3	2	1	2	4	1	1	2	1	2	3	1	2	1	2	3	2	3	2	3	3	1	2	1	1	2	3	3	4	2	3	2	3	2	2	2	3	3	1	2	1	2	2	2	3	2	1	2	3	2	1	2	1	2	3	2	1	2	1	2	1	2	1	2	1	2	5	2	1	2	1	2	1	2	3	1	2	1	1	2	12	human-gut	408170	human gut metagenome	not applicable	not applicable	not applicable	not applicable	39.7453	104.8376	39.7453 104.8387	1609 m	1609 m	Host-associated	Animal-associated	Animal distal gut	stool	9606	human	Homo sapiens	stool.ASD.12.1
stool.ASD.12.2	AGCGGAGGTTAG	CCGGACTACHVGGGTWTCTAAT	UCDenver	Yes	not applicable	34	15	5	37	2	Male	9	Yes	less_than 1/month	less_than 1/month	less_than 1/month	3-4/month	None	9/8/14	CO	13	probio/vitamin/supplements/cf/dye_free	9/15/14	blank	4	1	0	1	0	1	0	0	2	3	1	2	1	2	6	3	1	1	3	1	2	2	1	4	1	3	1	3	2	3	2	1	2	2	2	4	2	3	2	1	2	1	2	1	2	1	1	2	2	2	C15	blank	3	2	1	1	2	1	2	1	2	3	2	1	2	1	2	4	2	3	1	1	2	2	2	1	2	4	1	1	2	3	2	2	1	2	2	2	3	2	3	2	2	3	1	1	2	1	2	3	2	3	2	2	1	3	2	2	2	3	3	1	2	1	2	2	2	1	2	1	2	1	2	1	2	1	2	1	2	2	2	3	1	2	2	1	2	1	2	5	2	1	2	1	2	1	2	3	4	2	4	1	2	12	human-gut	408170	human gut metagenome	not applicable	not applicable	not applicable	not applicable	39.7453	104.8376	39.7453 104.8388	1609 m	1609 m	Host-associated	Animal-associated	Animal distal gut	stool	9606	human	Homo sapiens	stool.ASD.12.2
stool.control.13S.1A	GTCGTGTAGCCT	CCGGACTACHVGGGTWTCTAAT	UCDenver	No	Yes	3	1	0	4	0	Male	5	No	No	No	No	No	blank	8/29/13	CO	0	vitamins	8/29/13	blank	3	6	0	1	1	0	0	0	2	2	1	2	4	2	2	2	1	1	1	1	2	1	2	1	2	3	2	1	2	2	1	2	1	1	2	3	2	3	2	3	3	4	3	1	2	1	2	2	2	2	C15	2	blank	2	blank	blank	2	blank	2	blank	2	1	2	1	2	1	2	1	2	4	1	1	2	3	2	1	2	2	1	2	2	3	blank	2	blank	2	blank	2	4	2	1	1	2	3	1	1	2	1	2	2	2	3	1	3	1	blank	2	blank	2	blank	2	blank	2	blank	2	3	1	3	1	1	2	4	2	1	2	1	2	1	2	1	2	2	1	1	2	blank	2	blank	2	blank	2	blank	2	blank	2	blank	2	blank	blank	2	blank	blank	2	13	human-gut	408170	human gut metagenome	not applicable	not applicable	not applicable	not applicable	39.7453	104.8376	39.7453 104.8389	1609 m	1609 m	Host-associated	Animal-associated	Animal distal gut	stool	9606	human	Homo sapiens	stool.control.13S.1A
stool.control.13S.1B	GTGGTGGTTTCC	CCGGACTACHVGGGTWTCTAAT	UCDenver	No	Yes	3	1	0	4	0	Male	5	No	No	No	No	No	blank	8/29/13	CO	0	vitamins	8/29/13	blank	3	6	0	1	1	0	0	0	2	2	1	2	4	2	2	2	1	1	1	1	2	1	2	1	2	3	2	1	2	2	1	2	1	1	2	3	2	3	2	3	3	4	3	1	2	1	2	2	2	2	C15	2	blank	2	blank	blank	2	blank	2	blank	2	1	2	1	2	1	2	1	2	4	1	1	2	3	2	1	2	2	1	2	2	3	blank	2	blank	2	blank	2	4	2	1	1	2	3	1	1	2	1	2	2	2	3	1	3	1	blank	2	blank	2	blank	2	blank	2	blank	2	3	1	3	1	1	2	4	2	1	2	1	2	1	2	1	2	2	1	1	2	blank	2	blank	2	blank	2	blank	2	blank	2	blank	2	blank	blank	2	blank	blank	2	13	human-gut	408170	human gut metagenome	not applicable	not applicable	not applicable	not applicable	39.7453	104.8376	39.7453 104.8390	1609 m	1609 m	Host-associated	Animal-associated	Animal distal gut	stool	9606	human	Homo sapiens	stool.control.13S.1B
stool.control.13S.2	CCAATACGCCTG	CCGGACTACHVGGGTWTCTAAT	UCDenver	No	Yes	missing	missing	missing	missing	missing	Male	6	No	No	No	No	No	blank	9/15/14	CO	12.6	supplements	9/15/14	blank	3	10	0	1	1	0	0	0	2	2	1	2	6	3	2	3	1	1	1	3	1	1	2	1	2	3	1	1	2	4	2	1	2	3	1	2	2	3	1	3	3	4	2	1	2	1	1	2	3	2	C15	1	2	2	2	1	2	2	1	1	2	2	2	1	2	1	2	3	1	4	1	1	2	1	2	1	2	1	2	1	2	1	1	2	3	2	3	3	3	2	1	2	2	blank	1	1	2	1	2	2	2	3	2	2	2	2	1	2	2	3	2	1	2	2	2	4	1	2	1	1	2	3	2	2	1	1	2	1	2	1	2	1	2	3	2	1	2	5	2	3	1	2	2	1	2	3	2	3	4	3	1	1	2	13	human-gut	408170	human gut metagenome	not applicable	not applicable	not applicable	not applicable	39.7453	104.8376	39.7453 104.8391	1609 m	1609 m	Host-associated	Animal-associated	Animal distal gut	stool	9606	human	Homo sapiens	stool.control.13S.2
stool.ASD.14.1	GCATATGCACTG	CCGGACTACHVGGGTWTCTAAT	UCDenver	Yes	not applicable	4	6	1	11	4	Male	9	Yes	less_than 1/month	less_than 1/month	3-4/month	3-4/month	blank	8/13/13	CO	0	omega_3/metatonin	8/9/13	90	4	9	1	1	0	0	1	0	1	blank	1	2	3	2	6	2	1	1	1	3	2	2	2	1	2	4	1	1	2	3	2	3	3	1	2	1	2	3	1	5	3	1	2	1	2	4	1	2	1	2	blank	1	1	2	1	1	2	1	2	1	2	1	2	1	2	1	2	1	2	1	2	1	2	2	3	1	2	1	2	1	2	4	1	2	1	2	5	3	4	3	1	1	2	3	1	1	2	1	2	1	2	1	2	1	2	1	2	3	3	1	2	1	2	1	2	6	3	3	2	1	2	1	2	3	2	1	2	1	2	1	2	1	2	3	3	3	3	4	2	1	2	1	2	1	2	1	2	1	4	2	1	2	1	14	human-gut	408170	human gut metagenome	not applicable	not applicable	not applicable	not applicable	39.7453	104.8376	39.7453 104.8392	1609 m	1609 m	Host-associated	Animal-associated	Animal distal gut	stool	9606	human	Homo sapiens	stool.ASD.14.1
stool.ASD.14.2	TGCATACACTGG	CCGGACTACHVGGGTWTCTAAT	UCDenver	Yes	not applicable	7	2	0	13	6	Male	9	Yes	less_than 1/month	less_than 1/month	3-4/month	less_than 1/month	blank	12/13/13	CO	4	vitamins/melatonin	12/13/13	95	4	6	1	1	0	0	1	0	2	2	2	2	3	2	6	1	2	blank	1	1	2	1	2	1	2	4	1	1	2	2	2	2	2	1	2	1	2	1	2	3	3	1	2	1	2	1	1	2	1	2	blank	1	1	2	1	1	2	1	2	1	2	1	2	1	2	1	2	blank	2	1	2	1	2	1	2	1	2	1	2	1	2	3	1	2	1	2	6	3	1	2	1	1	2	3	1	1	2	1	2	1	2	1	2	1	2	2	2	1	2	1	2	1	2	1	2	4	2	4	2	1	2	1	2	2	3	1	2	1	2	1	2	1	2	1	2	1	2	4	2	1	2	1	2	1	2	1	2	1	4	2	1	1	2	14	human-gut	408170	human gut metagenome	not applicable	not applicable	not applicable	not applicable	39.7453	104.8376	39.7453 104.8393	1609 m	1609 m	Host-associated	Animal-associated	Animal distal gut	stool	9606	human	Homo sapiens	stool.ASD.14.2
stool.ASD.14.3	CAAATTCGGGAT	CCGGACTACHVGGGTWTCTAAT	UCDenver	Yes	not applicable	2	5	4	11	8	Male	10	unsure	unsure	unsure	unsure	unsure	Diarrhea/gas	5/20/14	CO	9.23	vitamins/melatonin	5/20/14	100	4	5	1	1	0	0	1	0	1	blank	1	2	1	2	5	2	1	1	1	2	3	1	2	1	2	4	1	3	2	2	2	1	2	1	2	1	2	1	2	2	3	1	2	1	2	1	1	2	1	2	blank	1	1	2	1	1	2	1	2	1	2	1	2	1	2	1	2	1	2	1	2	1	2	4	2	1	2	1	2	1	2	3	1	2	1	2	4	3	3	2	1	2	3	3	1	1	2	1	2	1	2	1	2	1	2	2	2	3	3	1	2	1	2	1	2	3	3	4	2	1	2	4	2	1	2	1	2	1	2	1	2	1	2	1	2	1	2	5	2	1	2	1	2	1	2	3	2	1	5	2	1	1	2	14	human-gut	408170	human gut metagenome	not applicable	not applicable	not applicable	not applicable	39.7453	104.8376	39.7453 104.8394	1609 m	1609 m	Host-associated	Animal-associated	Animal distal gut	stool	9606	human	Homo sapiens	stool.ASD.14.3
stool.control.15S.1	TAATACGGATCG	CCGGACTACHVGGGTWTCTAAT	UCDenver	No	Yes	missing	missing	missing	missing	missing	Female	6	Yes	less_than 1/month	less_than 1/month	less_than 1/month	1-2/week	blank	8/13/13	CO	0	omega_3/metatonin	8/9/13	50	blank	blank	1	1	0	0	1	0	1	blank	1	2	4	2	4	2	1	1	1	3	2	2	1	1	2	3	1	1	2	2	1	3	3	1	2	1	2	3	1	1	2	2	2	3	3	3	4	2	3	2	C50	3	1	2	1	1	2	1	2	1	2	3	1	1	2	1	2	2	1	2	1	1	2	2	1	2	1	2	1	1	2	2	1	2	2	2	2	2	1	2	3	1	2	3	1	2	1	1	2	2	1	2	1	2	1	1	2	2	1	1	2	1	2	1	2	4	2	3	2	2	2	1	2	3	3	1	2	1	2	1	2	3	2	2	1	3	3	1	2	1	2	1	2	1	2	3	2	1	1	2	1	2	1	15	human-gut	408170	human gut metagenome	not applicable	not applicable	not applicable	not applicable	39.7453	104.8376	39.7453 104.8395	1609 m	1609 m	Host-associated	Animal-associated	Animal distal gut	stool	9606	human	Homo sapiens	stool.control.15S.1
stool.control.15S.2	GAGCCATCTGTA	CCGGACTACHVGGGTWTCTAAT	UCDenver	No	Yes	missing	missing	missing	missing	missing	Female	6	Yes	less_than 1/month	less_than 1/month	less_than 1/month	1-2/week	Constipation	11/7/13	CO	2.83	supplements	11/7/13	blank	3	11	0	1	0	0	0	0	2	3	4	2	1	2	5	4	1	1	1	2	1	1	2	1	2	2	1	1	2	1	2	1	2	1	2	2	2	2	1	2	2	3	2	1	2	1	1	2	2	3	C44	1	1	2	1	2	1	1	2	2	1	2	1	1	2	1	2	1	2	1	2	1	2	1	2	1	2	2	1	blank	2	2	2	2	2	2	1	2	1	2	3	1	2	3	1	2	1	1	2	3	1	1	2	2	1	1	2	1	2	1	2	1	2	3	3	3	3	2	2	2	2	1	2	1	2	1	2	1	2	1	2	6	2	6	3	2	3	2	1	1	2	1	2	1	2	1	2	1	1	2	1	2	1	15	human-gut	408170	human gut metagenome	not applicable	not applicable	not applicable	not applicable	39.7453	104.8376	39.7453 104.8396	1609 m	1609 m	Host-associated	Animal-associated	Animal distal gut	stool	9606	human	Homo sapiens	stool.control.15S.2
stool.control.15S.3	CTCACAACCGTG	CCGGACTACHVGGGTWTCTAAT	UCDenver	No	Yes	missing	missing	missing	missing	missing	Female	6	Yes	less_than 1/month	less_than 1/month	1-2/week	1-2/week	Abdominal_pain/gas	5/2/14	CO	8.63	melatonin/vitamins/fiber_gummis	5/2/14	blank	blank	blank	1	1	0	0	1	0	blank	blank	1	2	6	3	5	1	2	1	1	1	2	2	1	1	2	4	1	3	2	2	2	1	2	1	2	3	2	1	2	1	2	3	3	1	2	2	1	2	5	2	C15	5	1	2	1	1	2	1	2	1	2	2	1	2	1	2	1	2	1	3	1	1	2	3	1	2	1	3	1	1	2	2	1	2	1	2	3	3	1	2	3	2	2	3	2	2	1	1	2	2	1	1	2	2	1	1	2	1	2	2	2	1	2	4	3	6	2	2	2	1	2	2	2	1	2	1	2	3	2	1	2	2	1	2	2	2	3	4	1	1	2	2	1	2	1	4	2	1	1	2	2	1	2	15	human-gut	408170	human gut metagenome	not applicable	not applicable	not applicable	not applicable	39.7453	104.8376	39.7453 104.8397	1609 m	1609 m	Host-associated	Animal-associated	Animal distal gut	stool	9606	human	Homo sapiens	stool.control.15S.3
stool.control.18S.1	AGGCTTACGTGT	CCGGACTACHVGGGTWTCTAAT	UCDenver	No	Yes	missing	missing	missing	missing	missing	Male	3	missing	missing	missing	missing	missing	missing	10/2/13	CO	0	missing	missing	missing	missing	missing	missing	missing	missing	missing	missing	missing	missing	missing	missing	missing	missing	missing	missing	missing	missing	missing	missing	missing	missing	missing	missing	missing	missing	missing	missing	missing	missing	missing	missing	missing	missing	missing	missing	missing	missing	missing	missing	missing	missing	missing	missing	missing	missing	missing	missing	missing	missing	missing	missing	missing	missing	missing	missing	missing	missing	missing	missing	missing	missing	missing	missing	missing	missing	missing	missing	missing	missing	missing	missing	missing	missing	missing	missing	missing	missing	missing	missing	missing	missing	missing	missing	missing	missing	missing	missing	missing	missing	missing	missing	missing	missing	missing	missing	missing	missing	missing	missing	missing	missing	missing	missing	missing	missing	missing	missing	missing	missing	missing	missing	missing	missing	missing	missing	missing	missing	missing	missing	missing	missing	missing	missing	missing	missing	missing	missing	missing	missing	missing	missing	missing	missing	missing	missing	missing	missing	missing	missing	missing	missing	missing	missing	missing	missing	missing	missing	missing	missing	missing	missing	missing	missing	18	human-gut	408170	human gut metagenome	not applicable	not applicable	not applicable	not applicable	39.7453	104.8376	39.7453 104.8398	1609 m	1609 m	Host-associated	Animal-associated	Animal distal gut	stool	9606	human	Homo sapiens	stool.control.18S.1
stool.ASD.19.1	GCTCGAAGATTC	CCGGACTACHVGGGTWTCTAAT	UCDenver	Yes	not applicable	missing	missing	missing	missing	missing	Male	8	missing	missing	missing	missing	missing	missing	8/20/13	CO	0	missing	missing	missing	missing	missing	missing	missing	missing	missing	missing	missing	missing	missing	missing	missing	missing	missing	missing	missing	missing	missing	missing	missing	missing	missing	missing	missing	missing	missing	missing	missing	missing	missing	missing	missing	missing	missing	missing	missing	missing	missing	missing	missing	missing	missing	missing	missing	missing	missing	missing	missing	missing	missing	missing	missing	missing	missing	missing	missing	missing	missing	missing	missing	missing	missing	missing	missing	missing	missing	missing	missing	missing	missing	missing	missing	missing	missing	missing	missing	missing	missing	missing	missing	missing	missing	missing	missing	missing	missing	missing	missing	missing	missing	missing	missing	missing	missing	missing	missing	missing	missing	missing	missing	missing	missing	missing	missing	missing	missing	missing	missing	missing	missing	missing	missing	missing	missing	missing	missing	missing	missing	missing	missing	missing	missing	missing	missing	missing	missing	missing	missing	missing	missing	missing	missing	missing	missing	missing	missing	missing	missing	missing	missing	missing	missing	missing	missing	missing	missing	missing	missing	missing	missing	missing	missing	missing	19	human-gut	408170	human gut metagenome	not applicable	not applicable	not applicable	not applicable	39.7453	104.8376	39.7453 104.8399	1609 m	1609 m	Host-associated	Animal-associated	Animal distal gut	stool	9606	human	Homo sapiens	stool.ASD.19.1
stool.ASD.22.1	GCGTTCTAGCTG	CCGGACTACHVGGGTWTCTAAT	UCDenver	Yes	not applicable	16	13	4	17	3	Male	4	Yes	less_than 1/month	less_than 1/month	3-4/month	less_than 1/month	Diarrhea	10/22/13	CO	0	gf/cf/probio/vitamins/natural drops/teas	10/16/13	42	blank	blank	0	1	1	0	0	0	2	4	1	2	1	2	6	3	2	1	4	3	2	1	2	1	2	4	3	1	2	2	2	1	2	2	2	2	2	2	1	1	2	1	2	1	2	1	1	2	1	2	blank	1	1	2	1	1	2	1	2	1	2	1	2	1	2	1	2	1	2	1	2	1	2	2	1	1	2	1	2	1	2	1	1	2	1	2	2	2	1	2	blank	1	2	blank	1	1	2	1	2	1	2	4	2	1	2	1	2	1	2	1	2	1	2	4	3	3	2	2	1	1	2	2	2	2	1	2	2	2	1	1	2	1	2	3	2	1	2	1	2	2	2	1	2	3	2	1	2	1	1	2	1	1	2	22	human-gut	408170	human gut metagenome	not applicable	not applicable	not applicable	not applicable	39.7453	104.8376	39.7453 104.8400	1609 m	1609 m	Host-associated	Animal-associated	Animal distal gut	stool	9606	human	Homo sapiens	stool.ASD.22.1
stool.ASD.22.2	GCGATATATCGC	CCGGACTACHVGGGTWTCTAAT	UCDenver	Yes	not applicable	16	7	4	13	4	Male	4	No	No	No	No	No	blank	2/11/14	CO	3.67	probio/supplements	2/11/14	45	3	blank	0	1	1	0	0	0	2	4	1	2	blank	2	2	3	2	1	1	2	1	1	2	1	2	2	1	1	2	4	3	2	1	3	2	6	2	2	1	2	2	1	2	2	3	1	1	2	2	2	C50	1	1	2	1	1	2	1	2	1	2	2	1	1	2	1	2	1	2	2	1	1	2	4	2	1	2	1	2	1	2	1	2	1	1	2	2	2	1	2	blank	1	2	blank	1	1	2	1	2	1	2	1	2	1	2	blank	1	1	2	1	2	1	2	5	3	4	2	2	1	1	2	2	2	2	2	1	2	1	2	1	2	2	2	2	2	1	2	1	2	1	2	1	2	1	2	1	2	1	3	2	1	1	2	22	human-gut	408170	human gut metagenome	not applicable	not applicable	not applicable	not applicable	39.7453	104.8376	39.7453 104.8401	1609 m	1609 m	Host-associated	Animal-associated	Animal distal gut	stool	9606	human	Homo sapiens	stool.ASD.22.2
stool.ASD.22.3	ACGAGACTGATT	CCGGACTACHVGGGTWTCTAAT	UCDenver	Yes	not applicable	20	12	3	19	4	Male	4	No	No	No	No	No	blank	6/4/14	CO	9.43	probio/supplements/gf/cf/vitamins/DOTERRA_oils	blank	47	blank	blank	0	1	1	0	0	0	2	2	1	2	1	2	2	2	1	1	1	2	1	1	2	1	2	1	2	1	2	4	2	1	2	4	3	6	2	4	2	1	2	1	2	4	2	1	1	2	3	2	blank	1	1	2	1	1	2	1	2	1	2	3	2	1	2	3	1	1	2	3	2	1	2	2	1	3	1	1	2	5	2	1	3	2	1	2	3	2	1	2	blank	1	2	blank	1	2	1	1	2	1	2	3	1	1	2	1	2	1	2	1	2	1	2	1	2	3	2	3	1	1	1	2	2	2	2	1	2	2	1	1	2	1	2	3	2	1	2	1	2	1	2	1	2	1	2	1	2	1	1	2	1	1	2	22	human-gut	408170	human gut metagenome	not applicable	not applicable	not applicable	not applicable	39.7453	104.8376	39.7453 104.8402	1609 m	1609 m	Host-associated	Animal-associated	Animal distal gut	stool	9606	human	Homo sapiens	stool.ASD.22.3
stool.ASD.24.1	AACTAGTTCAGG	CCGGACTACHVGGGTWTCTAAT	UCDenver	Yes	not applicable	27	11	5	38	9	Male	5	No	No	No	No	No	blank	10/25/13	CO	0	supplements	10/25/13	blank	3	3	0	0	0	0	0	1	2	3	5	1	1	2	7	1	2	blank	1	1	2	1	2	3	1	5	2	4	2	4	2	4	3	6	2	1	2	4	2	3	2	4	2	1	2	5	1	2	6	2	blank	1	1	2	1	1	2	1	2	1	2	2	2	1	2	1	2	1	2	5	2	1	2	3	2	1	2	1	2	1	2	3	3	2	1	2	2	1	1	2	blank	1	2	blank	1	1	2	1	2	1	2	2	1	3	1	1	2	1	2	1	2	1	2	1	2	5	2	6	2	1	2	2	2	3	2	2	2	1	2	1	2	1	2	blank	2	1	2	5	1	1	2	1	2	5	1	5	1	1	1	2	2	6	2	24	human-gut	408170	human gut metagenome	not applicable	not applicable	not applicable	not applicable	39.7453	104.8376	39.7453 104.8403	1609 m	1609 m	Host-associated	Animal-associated	Animal distal gut	stool	9606	human	Homo sapiens	stool.ASD.24.1
stool.ASD.24.2	ATGATGAGCCTC	CCGGACTACHVGGGTWTCTAAT	UCDenver	Yes	not applicable	19	9	2	45	6	Male	5	No	No	No	No	No	blank	4/3/14	CO	5.3	Pediasure/vitamins/supplements/DHA Omega 3	3/24/14	41	3	4	0	0	0	0	0	1	blank	blank	4	2	1	2	2	1	2	blank	1	1	2	1	2	3	1	3	1	4	2	4	2	4	2	3	1	2	2	1	2	2	3	4	3	1	2	4	1	2	6	2	C44	5	1	2	1	1	2	1	2	1	2	1	2	1	2	1	2	1	2	blank	2	1	2	2	1	1	2	1	2	3	1	3	2	1	1	2	2	2	1	2	blank	1	2	blank	1	1	2	1	2	1	2	3	2	2	1	2	1	1	2	1	2	1	2	1	2	3	1	4	3	1	2	2	2	4	1	1	2	1	2	1	2	2	1	2	1	2	1	4	2	1	2	1	2	4	3	5	2	1	1	2	4	3	1	24	human-gut	408170	human gut metagenome	not applicable	not applicable	not applicable	not applicable	39.7453	104.8376	39.7453 104.8404	1609 m	1609 m	Host-associated	Animal-associated	Animal distal gut	stool	9606	human	Homo sapiens	stool.ASD.24.2
stool.ASD.25.2	ACCAGTGACTCA	CCGGACTACHVGGGTWTCTAAT	UCDenver	Yes	not applicable	10	6	0	7	1	Female	10	Yes	less_than 1/month	less_than 1/month	less_than 1/month	1-2/week	None	5/31/14	CO	7	vitamins	blank	72	4	4	0	1	0	0	0	0	2	3	5	2	6	3	4	2	1	1	1	1	2	1	2	1	2	1	2	2	2	2	1	1	2	2	2	1	2	1	2	1	2	1	2	1	2	1	1	2	5	3	C50	5	3	2	2	2	2	1	2	1	2	1	2	1	2	1	2	4	1	1	2	1	2	3	1	1	2	1	2	1	2	3	2	2	3	3	3	2	3	2	1	1	2	3	1	3	2	1	2	1	2	3	2	1	2	1	2	1	2	4	2	1	2	1	2	4	2	3	1	1	2	2	2	1	2	1	2	2	2	1	2	1	2	5	1	blank	2	4	2	1	2	1	2	1	2	4	2	1	4	2	4	1	2	25	human-gut	408170	human gut metagenome	not applicable	not applicable	not applicable	not applicable	39.7453	104.8376	39.7453 104.8405	1609 m	1609 m	Host-associated	Animal-associated	Animal distal gut	stool	9606	human	Homo sapiens	stool.ASD.25.2
stool.control.26S.1	TAGGCATGCTTG	CCGGACTACHVGGGTWTCTAAT	UCDenver	No	Yes	missing	missing	missing	missing	missing	Male	6	No	No	No	No	No	None	10/31/13	CO	0	vitamins	blank	43	3	7	0	1	0	0	0	0	2	3	5	2	1	2	4	2	1	1	2	1	2	1	2	1	2	5	2	1	2	2	1	3	1	3	3	1	2	4	1	3	1	1	2	3	3	2	1	2	4	2	C50	2	1	2	4	1	2	1	2	1	2	1	2	2	1	1	2	1	2	1	2	1	2	4	1	3	1	1	2	1	2	5	1	2	1	2	3	2	1	2	blank	1	2	blank	1	2	1	1	2	1	2	4	2	4	1	1	2	4	2	1	2	1	2	3	2	4	2	3	2	1	2	1	2	1	2	1	2	2	1	1	2	2	1	5	1	1	2	1	2	3	1	1	2	3	1	1	2	1	1	2	1	3	1	26	human-gut	408170	human gut metagenome	not applicable	not applicable	not applicable	not applicable	39.7453	104.8376	39.7453 104.8406	1609 m	1609 m	Host-associated	Animal-associated	Animal distal gut	stool	9606	human	Homo sapiens	stool.control.26S.1
stool.ASD.27.1	GTTGTTCTGGGA	CCGGACTACHVGGGTWTCTAAT	UCDenver	Yes	not applicable	missing	missing	missing	missing	missing	Male	4	Yes	1-2/month	1-2/month	3-4/month	less_than 1/month	None	10/29/13	CO	0	Broccoli_sprout_powder/Enduracell/vitamins/gf	10/29/13	44	3	6	0	1	0	0	0	0	2	2	1	2	6	3	2	1	2	blank	1	1	2	1	2	1	2	1	2	3	1	2	1	1	2	1	2	1	2	2	1	5	2	1	2	2	1	4	1	2	3	2	C15	6	3	2	1	1	2	5	1	4	1	3	1	2	1	2	1	2	1	3	2	2	2	1	2	1	2	3	1	4	1	4	2	1	1	2	2	1	1	2	blank	4	2	1	1	1	2	1	2	2	1	1	2	2	1	2	1	1	2	1	2	1	2	1	2	3	1	4	1	1	2	2	2	3	2	1	2	2	1	1	2	5	1	6	1	2	1	1	2	1	2	5	1	3	1	blank	2	1	2	1	1	4	1	27	human-gut	408170	human gut metagenome	not applicable	not applicable	not applicable	not applicable	39.7453	104.8376	39.7453 104.8407	1609 m	1609 m	Host-associated	Animal-associated	Animal distal gut	stool	9606	human	Homo sapiens	stool.ASD.27.1
stool.ASD.27.2	ATCGCACAGTAA	CCGGACTACHVGGGTWTCTAAT	UCDenver	Yes	not applicable	17	8	7	24	7	Male	5	Yes	less_than 1/month	1-2/month	less_than 1/month	1-2/month	None	2/4/14	CO	3.2	lf_milk	2/4/14	45	3	7	0	1	0	0	0	0	2	2	1	2	6	3	2	1	2	blank	1	1	2	1	2	1	2	1	2	4	1	1	2	1	2	1	2	1	2	5	1	6	2	2	1	1	2	2	1	2	4	2	C50	6	3	2	1	1	2	4	1	4	1	3	1	2	1	3	1	2	2	3	2	1	2	1	2	1	2	2	1	4	2	2	2	1	2	1	2	2	1	2	blank	3	2	1	1	1	2	1	2	1	2	1	2	2	1	2	1	1	2	4	1	1	2	1	2	2	1	1	2	1	2	2	2	4	1	2	1	2	1	1	2	2	2	4	2	3	1	1	2	2	1	3	1	1	2	4	1	1	1	2	1	5	1	27	human-gut	408170	human gut metagenome	not applicable	not applicable	not applicable	not applicable	39.7453	104.8376	39.7453 104.8408	1609 m	1609 m	Host-associated	Animal-associated	Animal distal gut	stool	9606	human	Homo sapiens	stool.ASD.27.2
stool.control.28S.2	GTAGATCGTGTA	CCGGACTACHVGGGTWTCTAAT	UCDenver	No	Yes	missing	missing	missing	missing	missing	Female	3	Yes	less_than 1/month	less_than 1/month	1-2/month	less_than 1/month	blank	7/16/14	CO	missing	None	7/14/14	blank	blank	blank	0	0	0	0	0	0	1	blank	1	2	6	3	2	1	2	blank	1	1	2	1	2	1	2	4	1	1	2	3	1	2	1	6	1	1	2	4	1	1	1	2	1	2	1	3	1	2	1	2	blank	1	1	2	1	1	2	4	1	4	1	1	2	1	2	1	2	2	1	1	2	1	2	2	1	1	2	1	2	4	1	2	1	2	3	1	3	1	1	2	blank	2	1	3	1	1	2	1	2	1	2	1	2	3	1	2	1	1	2	4	1	1	2	1	2	5	1	5	1	1	2	4	2	3	1	1	2	3	1	2	1	1	2	5	1	4	1	4	1	1	2	2	1	5	1	6	2	1	1	2	1	6	1	28	human-gut	408170	human gut metagenome	not applicable	not applicable	not applicable	not applicable	39.7453	104.8376	39.7453 104.8409	1609 m	1609 m	Host-associated	Animal-associated	Animal distal gut	stool	9606	human	Homo sapiens	stool.control.28S.2
stool.control.29C.1	CGAGGGAAAGTC	CCGGACTACHVGGGTWTCTAAT	UCDenver	No	No	missing	missing	missing	missing	missing	Male	4	No	not applicable	not applicable	not applicable	not applicable	blank	3/12/14	CO	0	cf	3/5/2013-3/11/2013	39	3	6	0	1	0	0	0	0	2	2	1	2	6	3	6	1	2	blank	1	2	1	1	2	3	1	1	2	2	2	1	2	1	2	2	1	2	2	3	1	2	3	5	2	3	3	1	1	2	1	2	blank	1	1	2	1	1	2	2	2	1	2	1	2	1	2	1	2	2	1	3	2	1	2	1	2	3	3	4	2	1	2	1	1	2	4	3	1	2	1	2	blank	1	2	blank	1	1	2	1	2	1	2	1	2	3	3	2	2	1	2	3	3	2	3	4	3	2	2	1	2	1	2	1	2	1	2	1	2	1	2	1	2	1	2	2	2	1	2	5	1	1	2	1	2	5	2	1	2	1	4	2	4	1	2	29	human-gut	408170	human gut metagenome	not applicable	not applicable	not applicable	not applicable	39.7453	104.8376	39.7453 104.8410	1609 m	1609 m	Host-associated	Animal-associated	Animal distal gut	stool	9606	human	Homo sapiens	stool.control.29C.1
stool.control.30C.1	GTGTTGTCGTGC	CCGGACTACHVGGGTWTCTAAT	UCDenver	No	No	missing	missing	missing	missing	missing	Female	5	Yes	less_than 1/month	less_than 1/month	less_than 1/month	3-4/month	Constipation	10/8/13	CO	0	low_meat/high_dairy	10/8/13	42	3	8	0	1	0	0	0	0	1	blank	1	2	6	3	2	1	2	blank	2	1	2	1	2	2	1	1	2	1	2	3	2	3	2	2	1	1	2	3	2	2	1	1	2	1	2	1	3	2	3	2	C44	1	4	2	4	1	2	3	1	1	2	1	2	4	1	1	2	2	1	1	2	2	1	2	1	1	2	3	1	3	1	blank	2	1	3	2	1	2	2	1	1	4	2	1	1	1	2	1	2	1	2	1	2	1	2	1	2	2	2	1	2	2	2	1	2	2	1	4	1	1	2	1	2	2	1	1	2	2	1	1	2	1	2	2	1	1	2	3	1	1	2	3	1	3	1	5	1	2	blank	2	1	2	1	30	human-gut	408170	human gut metagenome	not applicable	not applicable	not applicable	not applicable	39.7453	104.8376	39.7453 104.8411	1609 m	1609 m	Host-associated	Animal-associated	Animal distal gut	stool	9606	human	Homo sapiens	stool.control.30C.1
stool.control.30C.2	ACTTCCAACTTC	CCGGACTACHVGGGTWTCTAAT	UCDenver	No	No	missing	missing	missing	missing	missing	Female	5	No	No	No	No	No	None	1/23/14	CO	3.5	low_meat	1/23/14	42	4	9	0	1	0	0	0	0	1	blank	3	1	6	3	2	1	2	blank	1	1	2	1	2	2	1	4	1	1	2	4	1	3	1	3	1	1	2	1	2	1	2	1	2	2	2	2	1	2	6	2	C15	1	4	2	4	1	2	3	2	1	2	1	2	4	2	2	1	2	1	2	1	2	1	1	2	3	1	2	1	2	1	1	1	2	2	2	3	2	1	2	blank	3	1	1	1	1	2	1	2	1	2	1	2	1	2	1	2	1	2	1	2	2	2	1	2	4	1	3	1	1	2	1	2	3	1	1	2	1	2	1	2	1	2	3	1	1	2	2	1	4	1	3	1	4	1	4	2	2	1	2	1	2	2	30	human-gut	408170	human gut metagenome	not applicable	not applicable	not applicable	not applicable	39.7453	104.8376	39.7453 104.8412	1609 m	1609 m	Host-associated	Animal-associated	Animal distal gut	stool	9606	human	Homo sapiens	stool.control.30C.2
stool.control.30C.3	CATTATGGCGTG	CCGGACTACHVGGGTWTCTAAT	UCDenver	No	No	missing	missing	missing	missing	missing	Female	6	Yes	less_than 1/month	less_than 1/month	1-2/month	1-2/month	blank	9/4/14	CO	10.9	low_meat	9/4/14	44	3	6	0	1	0	0	0	0	1	blank	1	2	5	2	2	2	1	1	1	4	1	1	2	4	1	1	2	1	2	4	1	1	2	3	1	1	2	5	2	3	2	1	2	1	2	1	1	2	5	2	C44	1	3	2	3	2	2	2	1	2	1	2	1	4	1	1	2	2	1	4	2	1	2	1	1	2	2	3	1	3	1	2	2	1	2	2	3	2	2	2	3	3	2	1	1	1	2	1	2	1	2	2	1	1	2	1	2	1	2	1	2	1	2	2	2	3	2	4	2	1	2	1	2	4	1	1	2	1	2	1	2	1	2	2	1	1	2	4	1	2	1	2	1	3	1	3	2	1	3	1	2	2	1	30	human-gut	408170	human gut metagenome	not applicable	not applicable	not applicable	not applicable	39.7453	104.8376	39.7453 104.8413	1609 m	1609 m	Host-associated	Animal-associated	Animal distal gut	stool	9606	human	Homo sapiens	stool.control.30C.3
stool.control.31C.1	AAGGCGCTCCTT	CCGGACTACHVGGGTWTCTAAT	UCDenver	No	No	missing	missing	missing	missing	missing	Male	5	No	No	No	No	No	blank	10/31/13	CO	0	supplements/cf	10/29/13	40	3	4	0	1	0	0	0	0	blank	blank	1	2	1	2	2	1	2	blank	1	1	2	1	2	2	1	5	1	2	2	1	2	1	2	3	2	5	2	1	2	5	2	3	2	1	2	3	4	3	1	2	blank	1	1	2	1	1	2	2	1	1	2	1	2	1	2	1	2	2	1	2	1	3	1	1	2	1	2	1	2	2	2	1	2	3	1	2	3	2	1	2	blank	1	2	blank	1	1	2	2	1	2	2	1	2	1	2	1	2	2	2	5	3	1	2	1	2	1	2	4	2	1	2	1	2	4	2	1	2	1	2	3	2	2	2	1	2	1	2	5	1	1	2	2	2	1	2	1	2	1	4	2	1	1	2	31	human-gut	408170	human gut metagenome	not applicable	not applicable	not applicable	not applicable	39.7453	104.8376	39.7453 104.8414	1609 m	1609 m	Host-associated	Animal-associated	Animal distal gut	stool	9606	human	Homo sapiens	stool.control.31C.1
stool.control.31C.2	GAACACTTTGGA	CCGGACTACHVGGGTWTCTAAT	UCDenver	No	No	missing	missing	missing	missing	missing	Male	5	blank	blank	blank	blank	blank	blank	4/27/14	CO	5.9	supplements/cf	blank	40	3	6	0	1	0	0	0	0	2	4	1	2	1	2	2	1	2	blank	1	4	1	1	2	1	2	6	1	3	2	1	2	1	2	5	1	6	2	1	2	4	2	2	2	3	2	3	5	3	1	2	blank	1	1	2	1	1	2	2	3	1	2	1	2	1	2	1	2	3	1	2	1	1	2	2	2	1	2	1	2	2	3	4	2	3	2	3	1	2	1	2	3	2	2	1	1	1	2	1	2	1	2	1	2	3	2	3	3	2	2	3	2	1	2	1	2	2	1	1	2	1	2	1	2	3	2	1	2	1	2	1	2	3	1	1	2	1	2	5	2	1	2	2	1	3	1	2	1	blank	5	2	1	1	2	31	human-gut	408170	human gut metagenome	not applicable	not applicable	not applicable	not applicable	39.7453	104.8376	39.7453 104.8415	1609 m	1609 m	Host-associated	Animal-associated	Animal distal gut	stool	9606	human	Homo sapiens	stool.control.31C.2
stool.control.32C.1	AGATTGACCAAC	CCGGACTACHVGGGTWTCTAAT	UCDenver	No	No	missing	missing	missing	missing	missing	Female	6	Yes	1-2/week	less_than 1/month	less_than 1/month	less_than 1/month	blank	10/31/14	CO	0	supplements/gf/limited_dairy	10/31/13	55	4	1	0	1	0	0	0	0	1	blank	3	1	1	2	7	2	1	1	1	1	2	1	2	3	1	1	2	6	2	4	2	1	2	3	1	3	2	5	2	2	3	3	1	1	2	3	2	3	2	3	C15	1	4	3	4	1	2	1	2	1	2	1	2	3	2	4	1	1	2	2	2	3	2	1	2	1	2	3	1	3	1	1	2	1	3	2	3	2	2	1	3	1	2	blank	1	3	2	1	2	1	2	1	2	4	2	3	2	1	2	1	2	1	2	1	2	3	2	2	1	1	2	2	2	2	1	1	2	1	2	1	2	2	1	1	2	3	2	1	2	3	1	1	2	4	1	3	1	4	4	1	4	3	2	32	human-gut	408170	human gut metagenome	not applicable	not applicable	not applicable	not applicable	39.7453	104.8376	39.7453 104.8416	1609 m	1609 m	Host-associated	Animal-associated	Animal distal gut	stool	9606	human	Homo sapiens	stool.control.32C.1
stool.control.32C.2A	AGTCGAACGAGG	CCGGACTACHVGGGTWTCTAAT	UCDenver	No	No	missing	missing	missing	missing	missing	Female	6	Yes	1-2/month	less_than 1/month	less_than 1/month	less_than 1/month	blank	4/14/14	CO	5.47	supplements/gf/limited_dairy	4/13/14	57	4	3	0	1	0	0	0	0	1	blank	1	2	1	2	7	1	2	blank	1	1	2	1	2	4	1	2	1	6	2	4	2	3	1	2	1	2	2	2	1	3	3	1	2	5	2	4	2	3	2	2	C15	1	2	2	1	2	1	2	1	2	2	1	2	3	1	4	1	1	2	2	1	4	1	1	2	1	2	2	1	3	2	4	2	1	1	2	2	2	1	2	3	2	2	3	1	3	1	2	1	2	2	1	2	3	1	1	2	1	2	3	2	2	2	1	2	4	2	1	2	1	2	2	2	1	2	1	2	2	1	1	2	3	1	1	2	4	2	1	2	1	2	2	1	4	1	2	1	4	1	2	4	4	1	32	human-gut	408170	human gut metagenome	not applicable	not applicable	not applicable	not applicable	39.7453	104.8376	39.7453 104.8417	1609 m	1609 m	Host-associated	Animal-associated	Animal distal gut	stool	9606	human	Homo sapiens	stool.control.32C.2A
stool.control.32C.3	TTGGGTACACGT	CCGGACTACHVGGGTWTCTAAT	UCDenver	No	No	missing	missing	missing	missing	missing	Female	6	No	No	No	No	No	blank	8/28/14	CO	9.93	supplements/gf/limited_dairy	8/26/14	60	4	3	0	1	0	0	0	0	1	blank	1	2	1	2	7	1	2	blank	1	1	2	1	2	3	1	1	2	5	2	1	2	1	2	2	1	1	2	4	2	1	2	2	2	4	2	3	1	2	1	2	blank	1	2	2	1	3	1	3	1	3	2	4	2	1	2	5	1	1	2	4	1	3	1	1	2	1	2	3	1	4	2	4	2	2	1	2	1	2	2	2	3	3	3	3	1	3	2	1	2	2	2	1	2	3	2	1	2	3	2	2	3	1	2	1	2	4	2	3	1	1	2	4	2	2	1	1	2	2	2	1	2	2	1	1	2	4	2	1	2	1	2	2	2	4	1	3	1	4	1	2	4	5	1	32	human-gut	408170	human gut metagenome	not applicable	not applicable	not applicable	not applicable	39.7453	104.8376	39.7453 104.8418	1609 m	1609 m	Host-associated	Animal-associated	Animal distal gut	stool	9606	human	Homo sapiens	stool.control.32C.3
stool.control.34C.1	GTCGACAGAGGA	CCGGACTACHVGGGTWTCTAAT	UCDenver	No	No	missing	missing	missing	missing	missing	Female	5	No	No	No	No	No	None	12/18/13	CO	0	supplements/gf	12/18/13	42	3	9	0	1	0	0	0	0	2	3	1	2	5	2	2	1	2	blank	1	1	2	1	2	1	2	6	1	4	2	3	2	3	3	3	2	5	2	1	2	3	3	1	2	1	2	2	1	2	3	3	C15	3	1	2	1	3	1	1	2	1	2	1	2	1	2	1	2	4	1	1	2	1	2	2	2	1	2	3	2	3	2	3	3	1	2	1	1	2	1	2	blank	1	2	blank	1	1	2	1	2	1	2	3	2	1	2	2	2	3	2	1	2	2	2	1	2	2	1	1	2	1	2	1	2	1	2	1	2	1	2	1	2	3	1	1	2	1	2	blank	2	6	2	1	2	1	2	3	2	1	1	2	3	1	2	34	human-gut	408170	human gut metagenome	not applicable	not applicable	not applicable	not applicable	39.7453	104.8376	39.7453 104.8419	1609 m	1609 m	Host-associated	Animal-associated	Animal distal gut	stool	9606	human	Homo sapiens	stool.control.34C.1
stool.control.35C.1A	CTCACCTAGGAA	CCGGACTACHVGGGTWTCTAAT	UCDenver	No	No	missing	missing	missing	missing	missing	Female	8	No	No	No	No	No	None	12/19/13	CO	0	None	12/18/13	54	4	3	0	1	0	0	0	0	2	2	4	2	6	3	2	1	2	blank	1	1	2	1	2	1	2	2	1	5	2	2	1	4	1	2	1	1	2	1	2	3	3	1	2	1	2	3	2	2	2	2	C15	2	1	2	1	3	1	1	2	1	2	1	2	1	2	1	2	3	2	2	1	1	2	2	2	3	1	3	2	3	3	3	3	3	1	2	2	1	2	2	1	1	2	blank	1	1	2	1	2	1	2	2	2	1	2	2	2	2	3	1	2	2	2	2	2	2	3	2	2	1	2	1	2	2	2	1	2	1	2	1	2	1	2	5	1	1	2	1	2	6	3	1	2	1	2	3	3	1	1	2	1	1	2	35	human-gut	408170	human gut metagenome	not applicable	not applicable	not applicable	not applicable	39.7453	104.8376	39.7453 104.8420	1609 m	1609 m	Host-associated	Animal-associated	Animal distal gut	stool	9606	human	Homo sapiens	stool.control.35C.1A
stool.control.35C.1B	AGTTACGAGCTA	CCGGACTACHVGGGTWTCTAAT	UCDenver	No	No	missing	missing	missing	missing	missing	Female	8	No	No	No	No	No	None	12/19/13	CO	0	None	12/18/13	54	4	3	0	1	0	0	0	0	2	2	4	2	6	3	2	1	2	blank	1	1	2	1	2	1	2	2	1	5	2	2	1	4	1	2	1	1	2	1	2	3	3	1	2	1	2	3	2	2	2	2	C15	2	1	2	1	3	1	1	2	1	2	1	2	1	2	1	2	3	2	2	1	1	2	2	2	3	1	3	2	3	3	3	3	3	1	2	2	1	2	2	1	1	2	blank	1	1	2	1	2	1	2	2	2	1	2	2	2	2	3	1	2	2	2	2	2	2	3	2	2	1	2	1	2	2	2	1	2	1	2	1	2	1	2	5	1	1	2	1	2	6	3	1	2	1	2	3	3	1	1	2	1	1	2	35	human-gut	408170	human gut metagenome	not applicable	not applicable	not applicable	not applicable	39.7453	104.8376	39.7453 104.8421	1609 m	1609 m	Host-associated	Animal-associated	Animal distal gut	stool	9606	human	Homo sapiens	stool.control.35C.1B
stool.control.36C.1	AGTCGTGCACAT	CCGGACTACHVGGGTWTCTAAT	UCDenver	No	No	missing	missing	missing	missing	missing	Male	9	No	No	No	No	No	blank	5/27/14	CO	0	supplements	5/27/14	62	4	6	0	1	0	0	0	0	2	2	1	2	5	2	3	1	2	blank	1	1	2	1	2	1	2	4	1	5	2	5	2	1	2	4	2	2	2	3	2	2	3	3	2	2	2	4	1	2	4	3	C15	4	3	3	3	2	2	3	1	3	2	1	2	1	2	1	2	4	2	2	1	1	2	2	2	1	2	4	2	2	1	3	1	1	2	3	2	3	2	2	1	3	2	3	1	2	2	1	2	1	2	2	3	2	2	2	2	2	2	4	3	1	2	1	2	4	1	4	1	1	2	2	2	2	1	1	2	1	2	1	2	3	1	3	2	1	2	4	2	2	1	3	1	4	1	5	2	1	3	2	3	4	1	36	human-gut	408170	human gut metagenome	not applicable	not applicable	not applicable	not applicable	39.7453	104.8376	39.7453 104.8422	1609 m	1609 m	Host-associated	Animal-associated	Animal distal gut	stool	9606	human	Homo sapiens	stool.control.36C.1
stool.control.37C.1	ACCATAGCTCCG	CCGGACTACHVGGGTWTCTAAT	UCDenver	No	No	missing	missing	missing	missing	missing	Female	8	No	No	No	No	No	blank	5/27/14	CO	0	supplements	5/27/14	56	4	3	0	1	0	0	0	0	1	blank	1	2	5	2	3	2	1	1	2	2	1	1	2	1	2	3	1	5	2	5	2	1	2	4	2	2	2	3	2	2	3	3	2	2	2	4	1	2	4	3	C15	4	3	3	3	2	2	3	1	2	2	1	2	1	2	1	2	4	2	2	1	1	2	2	2	1	2	4	2	2	1	3	2	1	1	2	2	3	2	2	1	3	2	3	1	1	2	1	2	1	2	2	3	2	2	2	2	2	2	4	3	1	2	1	2	4	2	4	2	1	2	2	2	2	1	1	2	1	2	1	2	3	1	3	3	2	2	4	2	2	1	3	1	4	1	5	2	1	3	2	3	4	1	37	human-gut	408170	human gut metagenome	not applicable	not applicable	not applicable	not applicable	39.7453	104.8376	39.7453 104.8423	1609 m	1609 m	Host-associated	Animal-associated	Animal distal gut	stool	9606	human	Homo sapiens	stool.control.37C.1
stool.control.38C.2A	AGCATGTCCCGT	CCGGACTACHVGGGTWTCTAAT	UCDenver	No	No	missing	missing	missing	missing	missing	Male	5	No	No	No	No	No	blank	6/9/14	CO	3.17	None	6/9/14	32	3	2	0	1	0	0	0	0	2	2	1	2	5	1	3	1	2	blank	2	3	1	1	2	2	1	4	1	3	1	2	1	1	2	5	2	3	2	5	1	1	2	5	2	3	2	3	1	2	3	2	C44	3	1	2	1	3	1	1	2	1	2	2	1	1	2	1	2	1	2	4	1	1	2	1	2	1	2	2	1	1	2	3	2	1	3	1	2	3	2	2	1	1	2	blank	1	2	1	1	2	1	2	1	2	5	2	1	2	3	2	2	1	1	2	1	2	2	1	2	2	1	2	4	2	1	2	1	2	1	2	1	2	2	1	1	2	2	1	3	1	2	1	1	2	2	1	2	1	1	3	1	1	3	2	38	human-gut	408170	human gut metagenome	not applicable	not applicable	not applicable	not applicable	39.7453	104.8376	39.7453 104.8424	1609 m	1609 m	Host-associated	Animal-associated	Animal distal gut	stool	9606	human	Homo sapiens	stool.control.38C.2A
stool.control.38C.2B	GAATACCAAGTC	CCGGACTACHVGGGTWTCTAAT	UCDenver	No	No	missing	missing	missing	missing	missing	Male	5	No	No	No	No	No	blank	6/9/14	CO	3.17	None	6/9/14	32	3	2	0	1	0	0	0	0	2	2	1	2	5	1	3	1	2	blank	2	3	1	1	2	2	1	4	1	3	1	2	1	1	2	5	2	3	2	5	1	1	2	5	2	3	2	3	1	2	3	2	C44	3	1	2	1	3	1	1	2	1	2	2	1	1	2	1	2	1	2	4	1	1	2	1	2	1	2	2	1	1	2	3	2	1	3	1	2	3	2	2	1	1	2	blank	1	2	1	1	2	1	2	1	2	5	2	1	2	3	2	2	1	1	2	1	2	2	1	2	2	1	2	4	2	1	2	1	2	1	2	1	2	2	1	1	2	2	1	3	1	2	1	1	2	2	1	2	1	1	3	1	1	3	2	38	human-gut	408170	human gut metagenome	not applicable	not applicable	not applicable	not applicable	39.7453	104.8376	39.7453 104.8425	1609 m	1609 m	Host-associated	Animal-associated	Animal distal gut	stool	9606	human	Homo sapiens	stool.control.38C.2B
stool.control.39C.1	GTATCTGCGCGT	CCGGACTACHVGGGTWTCTAAT	UCDenver	No	No	missing	missing	missing	missing	missing	Male	5	No	No	No	No	No	blank	2/27/14	CO	0	vitamins	2/27/14	55	3	11	0	1	0	0	0	0	2	3	2	1	6	2	3	1	2	blank	1	2	1	1	2	3	1	2	1	2	1	3	2	3	1	3	1	4	2	5	2	2	3	4	2	2	2	3	2	2	4	2	C15	4	1	2	1	2	1	1	2	1	2	1	2	1	2	1	2	1	2	5	1	1	2	1	2	1	2	2	1	2	1	2	1	2	3	3	3	2	3	1	1	2	3	3	1	2	2	1	2	2	2	2	2	2	1	1	2	1	2	4	2	1	2	1	2	4	2	4	2	1	2	4	2	3	1	1	2	2	1	1	2	2	1	3	1	1	2	4	1	4	1	3	1	1	2	4	1	1	2	1	2	4	1	39	human-gut	408170	human gut metagenome	not applicable	not applicable	not applicable	not applicable	39.7453	104.8376	39.7453 104.8426	1609 m	1609 m	Host-associated	Animal-associated	Animal distal gut	stool	9606	human	Homo sapiens	stool.control.39C.1
stool.control.39C.2	CACTACGCTAGA	CCGGACTACHVGGGTWTCTAAT	UCDenver	No	No	missing	missing	missing	missing	missing	Male	6	No	No	No	No	No	blank	6/11/14	CO	3.5	None	6/11/14	52	3	8	0	1	0	0	0	0	2	2	1	2	6	2	3	1	2	blank	4	3	1	1	2	3	1	3	1	4	1	2	1	1	2	5	2	3	2	5	2	2	2	4	2	2	3	2	3	3	5	3	C15	5	2	2	2	3	1	1	2	1	2	2	2	1	2	2	1	1	2	5	1	1	2	1	2	1	2	2	1	1	2	2	1	2	2	1	1	2	2	2	1	2	3	3	1	2	1	1	2	2	1	1	2	4	1	1	2	3	3	3	2	1	2	1	2	3	1	4	1	1	2	4	2	3	1	1	2	1	2	1	2	1	2	2	1	2	1	4	1	3	1	2	1	2	1	3	1	1	3	2	3	3	1	39	human-gut	408170	human gut metagenome	not applicable	not applicable	not applicable	not applicable	39.7453	104.8376	39.7453 104.8427	1609 m	1609 m	Host-associated	Animal-associated	Animal distal gut	stool	9606	human	Homo sapiens	stool.control.39C.2
stool.control.40C.1	TCGACATCTCTT	CCGGACTACHVGGGTWTCTAAT	UCDenver	No	No	missing	missing	missing	missing	missing	Female	7	Yes	less_than 1/month	less_than 1/month	3-4/month	less_than 1/month	None	3/16/14	CO	0	None	3/16/14	44	3	11	0	1	0	0	0	0	1	blank	1	2	4	2	2	1	2	blank	1	1	2	1	2	1	2	1	2	1	2	4	1	3	1	2	1	1	2	3	1	1	2	1	2	2	2	2	1	2	4	2	C44	1	3	2	1	3	1	2	1	2	1	1	2	3	2	2	1	1	2	1	2	1	2	2	1	1	2	4	1	1	1	2	1	2	1	2	2	3	2	2	1	2	2	3	1	1	2	1	2	1	2	2	1	2	2	2	1	1	2	2	3	1	2	1	2	3	2	3	2	1	2	2	2	1	2	1	2	1	2	1	2	3	1	2	2	1	2	2	1	4	1	4	1	2	2	4	3	blank	2	1	2	3	1	40	human-gut	408170	human gut metagenome	not applicable	not applicable	not applicable	not applicable	39.7453	104.8376	39.7453 104.8428	1609 m	1609 m	Host-associated	Animal-associated	Animal distal gut	stool	9606	human	Homo sapiens	stool.control.40C.1
stool.control.40C.2	GATCTGCGATCC	CCGGACTACHVGGGTWTCTAAT	UCDenver	No	No	missing	missing	missing	missing	missing	Female	8	Yes	less_than 1/month	less_than 1/month	3-4/month	less_than 1/month	None	9/8/14	CO	5.77	None	blank	47.5	3	11	0	1	0	0	0	0	blank	blank	1	2	4	2	2	1	2	blank	1	3	1	1	2	3	1	2	1	1	2	3	1	1	2	4	1	1	2	4	1	2	2	1	2	2	1	2	2	2	5	2	C44	3	3	2	1	2	1	2	1	1	2	2	1	2	1	1	2	1	2	3	1	1	2	2	1	3	1	4	1	2	1	2	1	2	1	2	3	2	3	2	1	2	2	3	1	2	1	1	2	1	2	1	2	4	2	1	2	1	2	3	1	blank	2	3	2	3	1	2	1	1	2	2	2	3	1	1	2	1	2	1	2	1	2	2	1	1	2	4	2	3	1	3	1	4	1	4	1	1	3	1	3	3	1	40	human-gut	408170	human gut metagenome	not applicable	not applicable	not applicable	not applicable	39.7453	104.8376	39.7453 104.8429	1609 m	1609 m	Host-associated	Animal-associated	Animal distal gut	stool	9606	human	Homo sapiens	stool.control.40C.2